[2026-05-31 12:28:53] Inicializando. Guardando tamaño actual: 31062270 bytes.
[2026-05-31 12:29:14] El archivo no ha cambiado de tamaño desde la última verificación.
[2026-05-31 14:29:13] El archivo no ha cambiado de tamaño desde la última verificación.
[2026-05-31 16:29:13] El archivo no ha cambiado de tamaño desde la última verificación.
[2026-05-31 18:29:13] El archivo no ha cambiado de tamaño desde la última verificación.
[2026-05-31 20:29:13] El archivo no ha cambiado de tamaño desde la última verificación.
[2026-05-31 21:57:03] ¡Cambio detectado! Tamaño anterior: 1000 bytes. Nuevo tamaño: 31062270 bytes.
[2026-05-31 21:57:03] Descargando el archivo actualizado...
[2026-05-31 21:57:07] Enviando correo de notificación...
[2026-05-31 21:57:08] Correo enviado con éxito.
[2026-05-31 21:59:34] El archivo no ha cambiado de tamaño desde la última verificación.
[2026-05-31 22:24:52] ¡Incremento detectado! Tamaño anterior: 1000 bytes. Nuevo tamaño: 31062270 bytes.
[2026-05-31 22:24:52] Descargando el archivo actualizado...
[2026-05-31 22:24:56] Enviando correo de notificación...
[2026-05-31 22:24:57] Correo enviado con éxito.
[2026-05-31 22:29:13] El archivo no ha cambiado de tamaño desde la última verificación.
[2026-05-31 22:29:55] ¡Incremento detectado! Tamaño anterior: 1000 bytes. Nuevo tamaño: 31062270 bytes.
[2026-05-31 22:29:55] Descargando el archivo actualizado...
[2026-05-31 22:29:58] Ejecutando script de cálculo y consolidación...
[2026-05-31 22:31:36] Script de cálculo ejecutado con éxito.
[2026-05-31 22:31:37] Enviando correo de notificación...
[2026-05-31 22:31:38] Correo enviado con éxito.
[2026-05-31 22:36:45] ¡Incremento detectado! Tamaño anterior: 1000 bytes. Nuevo tamaño: 31062270 bytes.
[2026-05-31 22:36:45] Descargando el archivo actualizado...
[2026-05-31 22:36:47] Ejecutando script de cálculo y consolidación...
[2026-05-31 22:38:24] Script de cálculo ejecutado con éxito.
[2026-05-31 22:38:24] Enviando correo de notificación...
[2026-05-31 22:38:26] Correo enviado con éxito.
[2026-06-01 07:57:39] El archivo no ha cambiado de tamaño desde la última verificación.
[2026-06-01 08:03:01] El archivo no ha cambiado de tamaño desde la última verificación.
[2026-06-01 08:29:13] El archivo no ha cambiado de tamaño desde la última verificación.
[2026-06-01 08:30:29] El archivo no ha cambiado de tamaño desde la última verificación.
[2026-06-01 09:39:52] El archivo no ha cambiado de tamaño desde la última verificación.
[2026-06-01 09:41:12] El archivo no ha cambiado de tamaño desde la última verificación.
[2026-06-01 09:44:40] El archivo no ha cambiado de tamaño desde la última verificación.
[2026-06-01 09:45:27] El archivo no ha cambiado de tamaño desde la última verificación.
[2026-06-01 09:48:31] El archivo no ha cambiado de tamaño desde la última verificación.
[2026-06-01 09:52:24] El archivo no ha cambiado de tamaño desde la última verificación.
[2026-06-01 10:03:23] El archivo no ha cambiado de tamaño desde la última verificación.
[2026-06-01 10:13:42] El archivo no ha cambiado de tamaño desde la última verificación.
[2026-06-01 10:18:23] El archivo no ha cambiado de tamaño desde la última verificación.
[2026-06-01 10:33:23] El archivo no ha cambiado de tamaño desde la última verificación.
[2026-06-01 10:48:23] El archivo no ha cambiado de tamaño desde la última verificación.
[2026-06-01 11:03:23] El archivo no ha cambiado de tamaño desde la última verificación.
[2026-06-01 11:18:24] El archivo no ha cambiado de tamaño desde la última verificación.
[2026-06-01 11:33:23] El archivo no ha cambiado de tamaño desde la última verificación.
[2026-06-01 11:48:23] El archivo no ha cambiado de tamaño desde la última verificación.
[2026-06-01 12:03:23] El archivo no ha cambiado de tamaño desde la última verificación.
[2026-06-01 12:18:23] El archivo no ha cambiado de tamaño desde la última verificación.
[2026-06-01 12:33:23] El archivo no ha cambiado de tamaño desde la última verificación.
[2026-06-01 12:48:24] El archivo no ha cambiado de tamaño desde la última verificación.
[2026-06-01 13:03:24] El archivo no ha cambiado de tamaño desde la última verificación.
[2026-06-01 13:18:23] El archivo no ha cambiado de tamaño desde la última verificación.
[2026-06-01 13:33:24] El archivo no ha cambiado de tamaño desde la última verificación.
[2026-06-01 13:48:23] El archivo no ha cambiado de tamaño desde la última verificación.
[2026-06-01 14:03:23] El archivo no ha cambiado de tamaño desde la última verificación.
[2026-06-01 14:06:09] El archivo no ha cambiado de tamaño desde la última verificación.
[2026-06-01 14:10:00] El archivo no ha cambiado de tamaño desde la última verificación.
[2026-06-01 14:14:23] El archivo no ha cambiado de tamaño desde la última verificación.
[2026-06-01 14:14:25] El archivo no ha cambiado de tamaño desde la última verificación.
[2026-06-01 14:31:22] El archivo no ha cambiado de tamaño desde la última verificación.
[2026-06-01 14:42:04] El archivo no ha cambiado de tamaño desde la última verificación.
[2026-06-01 14:42:12] El archivo no ha cambiado de tamaño desde la última verificación.
[2026-06-01 14:42:25] El archivo no ha cambiado de tamaño desde la última verificación.
[2026-06-01 15:08:40] El archivo no ha cambiado de tamaño desde la última verificación.
[2026-06-01 15:13:24] El archivo no ha cambiado de tamaño desde la última verificación.
[2026-06-01 15:18:28] El archivo no ha cambiado de tamaño desde la última verificación.
[2026-06-01 15:23:23] El archivo no ha cambiado de tamaño desde la última verificación.
[2026-06-01 15:28:24] El archivo no ha cambiado de tamaño desde la última verificación.
[2026-06-01 15:33:24] El archivo no ha cambiado de tamaño desde la última verificación.
[2026-06-01 15:38:24] El archivo no ha cambiado de tamaño desde la última verificación.
[2026-06-01 15:43:23] El archivo no ha cambiado de tamaño desde la última verificación.
[2026-06-01 15:48:24] El archivo no ha cambiado de tamaño desde la última verificación.
[2026-06-01 15:53:24] El archivo no ha cambiado de tamaño desde la última verificación.
[2026-06-01 15:58:24] El archivo no ha cambiado de tamaño desde la última verificación.
[2026-06-01 16:03:24] El archivo no ha cambiado de tamaño desde la última verificación.
[2026-06-01 16:08:23] El archivo no ha cambiado de tamaño desde la última verificación.
[2026-06-01 16:13:24] El archivo no ha cambiado de tamaño desde la última verificación.
[2026-06-01 16:18:24] El archivo no ha cambiado de tamaño desde la última verificación.
[2026-06-01 16:23:24] El archivo no ha cambiado de tamaño desde la última verificación.
[2026-06-01 16:28:23] El archivo no ha cambiado de tamaño desde la última verificación.
[2026-06-01 16:33:23] El archivo no ha cambiado de tamaño desde la última verificación.
[2026-06-01 16:38:23] El archivo no ha cambiado de tamaño desde la última verificación.
[2026-06-01 16:43:23] El archivo no ha cambiado de tamaño desde la última verificación.
[2026-06-01 16:48:23] El archivo no ha cambiado de tamaño desde la última verificación.
[2026-06-01 16:53:23] El archivo no ha cambiado de tamaño desde la última verificación.
[2026-06-01 16:58:23] El archivo no ha cambiado de tamaño desde la última verificación.
[2026-06-01 17:03:23] El archivo no ha cambiado de tamaño desde la última verificación.
[2026-06-01 17:08:23] El archivo no ha cambiado de tamaño desde la última verificación.
[2026-06-01 17:13:23] El archivo no ha cambiado de tamaño desde la última verificación.
[2026-06-01 17:18:23] El archivo no ha cambiado de tamaño desde la última verificación.
[2026-06-01 17:23:23] El archivo no ha cambiado de tamaño desde la última verificación.
[2026-06-01 17:28:23] El archivo no ha cambiado de tamaño desde la última verificación.
[2026-06-01 17:33:23] El archivo no ha cambiado de tamaño desde la última verificación.
[2026-06-01 17:38:23] El archivo no ha cambiado de tamaño desde la última verificación.
[2026-06-01 17:43:23] El archivo no ha cambiado de tamaño desde la última verificación.
[2026-06-01 17:48:23] El archivo no ha cambiado de tamaño desde la última verificación.
[2026-06-01 17:53:23] El archivo no ha cambiado de tamaño desde la última verificación.
[2026-06-01 17:58:23] El archivo no ha cambiado de tamaño desde la última verificación.
[2026-06-01 18:03:23] El archivo no ha cambiado de tamaño desde la última verificación.
[2026-06-01 18:08:23] El archivo no ha cambiado de tamaño desde la última verificación.
[2026-06-01 18:13:23] El archivo no ha cambiado de tamaño desde la última verificación.
[2026-06-01 18:18:23] El archivo no ha cambiado de tamaño desde la última verificación.
[2026-06-01 18:23:23] El archivo no ha cambiado de tamaño desde la última verificación.
[2026-06-01 18:28:23] El archivo no ha cambiado de tamaño desde la última verificación.
[2026-06-01 18:33:23] El archivo no ha cambiado de tamaño desde la última verificación.
[2026-06-01 18:38:23] El archivo no ha cambiado de tamaño desde la última verificación.
[2026-06-01 18:43:23] El archivo no ha cambiado de tamaño desde la última verificación.
[2026-06-01 18:48:23] El archivo no ha cambiado de tamaño desde la última verificación.
[2026-06-01 18:53:23] El archivo no ha cambiado de tamaño desde la última verificación.
[2026-06-01 18:58:23] El archivo no ha cambiado de tamaño desde la última verificación.
[2026-06-01 19:03:23] El archivo no ha cambiado de tamaño desde la última verificación.
[2026-06-01 19:08:23] El archivo no ha cambiado de tamaño desde la última verificación.
[2026-06-01 19:13:23] El archivo no ha cambiado de tamaño desde la última verificación.
[2026-06-01 19:18:23] El archivo no ha cambiado de tamaño desde la última verificación.
[2026-06-01 19:23:23] El archivo no ha cambiado de tamaño desde la última verificación.
[2026-06-01 19:28:23] El archivo no ha cambiado de tamaño desde la última verificación.
[2026-06-01 19:33:23] El archivo no ha cambiado de tamaño desde la última verificación.
[2026-06-01 19:38:23] El archivo no ha cambiado de tamaño desde la última verificación.
[2026-06-01 19:43:23] El archivo no ha cambiado de tamaño desde la última verificación.
[2026-06-01 19:48:23] El archivo no ha cambiado de tamaño desde la última verificación.
[2026-06-01 19:53:23] El archivo no ha cambiado de tamaño desde la última verificación.
[2026-06-01 19:58:23] El archivo no ha cambiado de tamaño desde la última verificación.
[2026-06-01 20:03:23] El archivo no ha cambiado de tamaño desde la última verificación.
[2026-06-01 20:08:23] El archivo no ha cambiado de tamaño desde la última verificación.
[2026-06-01 20:13:23] El archivo no ha cambiado de tamaño desde la última verificación.
[2026-06-01 20:18:23] El archivo no ha cambiado de tamaño desde la última verificación.
[2026-06-01 20:23:23] El archivo no ha cambiado de tamaño desde la última verificación.
[2026-06-01 20:28:23] El archivo no ha cambiado de tamaño desde la última verificación.
[2026-06-01 20:33:23] El archivo no ha cambiado de tamaño desde la última verificación.
[2026-06-01 20:38:23] El archivo no ha cambiado de tamaño desde la última verificación.
[2026-06-01 20:43:23] El archivo no ha cambiado de tamaño desde la última verificación.
[2026-06-01 20:48:23] El archivo no ha cambiado de tamaño desde la última verificación.
[2026-06-01 20:53:23] El archivo no ha cambiado de tamaño desde la última verificación.
[2026-06-01 20:58:23] El archivo no ha cambiado de tamaño desde la última verificación.
[2026-06-01 21:03:23] El archivo no ha cambiado de tamaño desde la última verificación.
[2026-06-01 21:08:23] El archivo no ha cambiado de tamaño desde la última verificación.
[2026-06-01 21:13:23] El archivo no ha cambiado de tamaño desde la última verificación.
[2026-06-01 21:18:23] El archivo no ha cambiado de tamaño desde la última verificación.
[2026-06-01 21:23:23] El archivo no ha cambiado de tamaño desde la última verificación.
[2026-06-01 21:28:23] El archivo no ha cambiado de tamaño desde la última verificación.
[2026-06-01 21:33:23] El archivo no ha cambiado de tamaño desde la última verificación.
[2026-06-01 21:38:23] El archivo no ha cambiado de tamaño desde la última verificación.
[2026-06-01 21:43:24] El archivo no ha cambiado de tamaño desde la última verificación.
[2026-06-01 21:48:23] El archivo no ha cambiado de tamaño desde la última verificación.
[2026-06-01 21:53:25] El archivo no ha cambiado de tamaño desde la última verificación.
[2026-06-01 21:58:23] El archivo no ha cambiado de tamaño desde la última verificación.
[2026-06-01 22:03:23] El archivo no ha cambiado de tamaño desde la última verificación.
[2026-06-01 22:08:23] El archivo no ha cambiado de tamaño desde la última verificación.
[2026-06-01 22:13:23] El archivo no ha cambiado de tamaño desde la última verificación.
[2026-06-02 08:09:34] El archivo no ha cambiado de tamaño desde la última verificación.
[2026-06-02 08:14:27] El archivo no ha cambiado de tamaño desde la última verificación.
[2026-06-02 08:18:25] El archivo no ha cambiado de tamaño desde la última verificación.
[2026-06-02 08:23:25] El archivo no ha cambiado de tamaño desde la última verificación.
[2026-06-02 08:28:25] El archivo no ha cambiado de tamaño desde la última verificación.
[2026-06-02 08:33:26] El archivo no ha cambiado de tamaño desde la última verificación.
[2026-06-02 08:38:25] El archivo no ha cambiado de tamaño desde la última verificación.
[2026-06-02 08:43:26] El archivo no ha cambiado de tamaño desde la última verificación.
[2026-06-02 08:48:25] El archivo no ha cambiado de tamaño desde la última verificación.
[2026-06-02 08:53:25] El archivo no ha cambiado de tamaño desde la última verificación.
[2026-06-02 08:58:25] El archivo no ha cambiado de tamaño desde la última verificación.
[2026-06-02 09:03:25] El archivo no ha cambiado de tamaño desde la última verificación.
[2026-06-02 09:08:25] El archivo no ha cambiado de tamaño desde la última verificación.
[2026-06-02 09:13:25] El archivo no ha cambiado de tamaño desde la última verificación.
[2026-06-02 09:20:50] El archivo no ha cambiado de tamaño desde la última verificación.
[2026-06-02 09:23:25] El archivo no ha cambiado de tamaño desde la última verificación.
[2026-06-02 09:28:25] El archivo no ha cambiado de tamaño desde la última verificación.
[2026-06-02 09:33:25] El archivo no ha cambiado de tamaño desde la última verificación.
[2026-06-02 09:38:26] El archivo no ha cambiado de tamaño desde la última verificación.
[2026-06-02 09:43:25] El archivo no ha cambiado de tamaño desde la última verificación.
[2026-06-02 09:48:25] El archivo no ha cambiado de tamaño desde la última verificación.
[2026-06-02 09:53:26] El archivo no ha cambiado de tamaño desde la última verificación.
[2026-06-02 09:58:25] El archivo no ha cambiado de tamaño desde la última verificación.
[2026-06-02 10:03:25] El archivo no ha cambiado de tamaño desde la última verificación.
[2026-06-02 11:11:41] El archivo no ha cambiado de tamaño desde la última verificación.
[2026-06-02 11:26:14] El archivo no ha cambiado de tamaño desde la última verificación.
[2026-06-02 11:28:59] El archivo no ha cambiado de tamaño desde la última verificación.
[2026-06-02 11:45:30] El archivo no ha cambiado de tamaño desde la última verificación.
[2026-06-02 11:48:24] El archivo no ha cambiado de tamaño desde la última verificación.
[2026-06-02 11:50:32] El archivo no ha cambiado de tamaño desde la última verificación.
[2026-06-02 11:53:24] El archivo no ha cambiado de tamaño desde la última verificación.
[2026-06-02 11:55:19] El archivo no ha cambiado de tamaño desde la última verificación.
[2026-06-02 11:58:24] El archivo no ha cambiado de tamaño desde la última verificación.
[2026-06-02 12:03:24] El archivo no ha cambiado de tamaño desde la última verificación.
[2026-06-02 12:06:26] El archivo no ha cambiado de tamaño desde la última verificación.
[2026-06-02 12:08:24] El archivo no ha cambiado de tamaño desde la última verificación.
[2026-06-02 12:13:24] El archivo no ha cambiado de tamaño desde la última verificación.
[2026-06-02 12:18:25] El archivo no ha cambiado de tamaño desde la última verificación.
[2026-06-02 12:23:24] El archivo no ha cambiado de tamaño desde la última verificación.
[2026-06-02 12:28:24] El archivo no ha cambiado de tamaño desde la última verificación.
[2026-06-02 12:33:25] El archivo no ha cambiado de tamaño desde la última verificación.
[2026-06-02 12:38:25] El archivo no ha cambiado de tamaño desde la última verificación.
[2026-06-02 12:43:24] El archivo no ha cambiado de tamaño desde la última verificación.
[2026-06-02 12:48:25] El archivo no ha cambiado de tamaño desde la última verificación.
[2026-06-02 12:53:24] El archivo no ha cambiado de tamaño desde la última verificación.
[2026-06-02 12:58:24] El archivo no ha cambiado de tamaño desde la última verificación.
[2026-06-02 13:03:24] El archivo no ha cambiado de tamaño desde la última verificación.
[2026-06-02 13:08:24] El archivo no ha cambiado de tamaño desde la última verificación.
[2026-06-02 13:34:03] El archivo no ha cambiado de tamaño desde la última verificación.
[2026-06-02 13:34:04] El archivo no ha cambiado de tamaño desde la última verificación.
[2026-06-02 13:36:17] [WATCHDOG] Detectada instancia previa colgada (PID: 5456). Forzando terminación...
[2026-06-02 13:38:00] El archivo no ha cambiado de tamaño desde la última verificación.
[2026-06-02 13:38:24] El archivo no ha cambiado de tamaño desde la última verificación.
[2026-06-02 13:43:27] El archivo no ha cambiado de tamaño desde la última verificación.
[2026-06-02 13:48:27] El archivo no ha cambiado de tamaño desde la última verificación.
[2026-06-02 13:53:27] El archivo no ha cambiado de tamaño desde la última verificación.
[2026-06-02 13:58:27] El archivo no ha cambiado de tamaño desde la última verificación.
[2026-06-02 19:20:56] El archivo no ha cambiado de tamaño desde la última verificación.
[2026-06-02 14:30:31] El archivo no ha cambiado de tamaño desde la última verificación.
[2026-06-02 14:36:12] El archivo no ha cambiado de tamaño desde la última verificación.
[2026-06-02 14:43:34] El archivo no ha cambiado de tamaño desde la última verificación.
[2026-06-02 14:56:46] ¡Incremento detectado! Tamaño anterior: 1000 bytes. Nuevo tamaño: 31062270 bytes.
[2026-06-02 14:56:46] Descargando el archivo actualizado...
[2026-06-02 14:57:10] Ejecutando script de cálculo y consolidación...
[2026-06-02 14:58:12] Error al ejecutar el script de cálculo: Traceback (most recent call last):
  File "/home/runner/work/MonitorSri-Web/MonitorSri-Web/procesador_sri.py", line 316, in <module>
    main()
  File "/home/runner/work/MonitorSri-Web/MonitorSri-Web/procesador_sri.py", line 198, in main
    df_2023 = load_and_clean_2023(args.input_dir)
  File "/home/runner/work/MonitorSri-Web/MonitorSri-Web/procesador_sri.py", line 104, in load_and_clean_2023
    df = df[cols_to_keep].copy()
  File "/opt/hostedtoolcache/Python/3.10.20/x64/lib/python3.10/site-packages/pandas/core/frame.py", line 4119, in __getitem__
    indexer = self.columns._get_indexer_strict(key, "columns")[1]
  File "/opt/hostedtoolcache/Python/3.10.20/x64/lib/python3.10/site-packages/pandas/core/indexes/base.py", line 6212, in _get_indexer_strict
    self._raise_if_missing(keyarr, indexer, axis_name)
  File "/opt/hostedtoolcache/Python/3.10.20/x64/lib/python3.10/site-packages/pandas/core/indexes/base.py", line 6264, in _raise_if_missing
    raise KeyError(f"{not_found} not in index")
KeyError: "['CODIGO DE VEHICULO', 'FECHA PROCESO (MM/DD/AA)'] not in index"

[2026-06-02 14:58:12] Enviando correo de notificación de error...
[2026-06-02 14:58:13] Correo de error enviado con éxito.
[2026-06-02 14:58:13] Enviando correo de notificación...
[2026-06-02 14:58:14] Correo enviado con éxito.
[2026-06-02 15:25:55] El archivo no ha cambiado de tamaño desde la última verificación.
[2026-06-02 17:02:06] El archivo no ha cambiado de tamaño desde la última verificación.
[2026-06-02 18:58:18] El archivo no ha cambiado de tamaño desde la última verificación.
[2026-06-03 00:04:34] El archivo no ha cambiado de tamaño desde la última verificación.
[2026-06-03 05:03:10] El archivo no ha cambiado de tamaño desde la última verificación.
[2026-06-03 08:49:35] ¡Incremento detectado! Tamaño anterior: 1000 bytes. Nuevo tamaño: 31062270 bytes.
[2026-06-03 08:49:35] Descargando el archivo actualizado...
[2026-06-03 08:49:59] Ejecutando script de cálculo y consolidación...
[2026-06-03 08:54:51] Script de cálculo ejecutado con éxito.
[2026-06-03 08:54:51] Enviando correo de notificación...
[2026-06-03 08:54:52] Correo enviado con éxito.
[2026-06-03 09:58:47] El archivo no ha cambiado de tamaño desde la última verificación.
[2026-06-03 13:52:56] ¡Incremento detectado! Tamaño anterior: 31062270 bytes. Nuevo tamaño: 39565485 bytes.
[2026-06-03 13:52:56] Descargando el archivo actualizado...
[2026-06-03 13:53:22] Ejecutando script de cálculo y consolidación...
[2026-06-03 13:58:00] Script de cálculo ejecutado con éxito.
[2026-06-03 13:58:00] Enviando correo de notificación...
[2026-06-03 13:58:01] Correo enviado con éxito.
[2026-06-03 16:44:38] El archivo no ha cambiado de tamaño desde la última verificación.
[2026-06-03 18:24:32] El archivo no ha cambiado de tamaño desde la última verificación.
[2026-06-03 21:05:32] El archivo no ha cambiado de tamaño desde la última verificación.
[2026-06-04 01:54:22] El archivo no ha cambiado de tamaño desde la última verificación.
[2026-06-04 05:38:01] El archivo no ha cambiado de tamaño desde la última verificación.
[2026-06-04 08:48:20] Intento 1: Fallo en la conexión (Remote end closed connection without response).
[2026-06-04 08:48:38] Intento 2: Fallo en la conexión (<urlopen error [Errno 104] Connection reset by peer>).
[2026-06-04 08:48:43] Intento 3: Fallo en la conexión (Remote end closed connection without response).
[2026-06-04 08:48:43] Monitoreo abortado: No se pudo obtener un tamaño de archivo válido (> 0 bytes) tras los reintentos.
[2026-06-04 11:40:11] Intento 1: Fallo en la conexión (Remote end closed connection without response).
[2026-06-04 11:40:16] Intento 2: Fallo en la conexión (Remote end closed connection without response).
[2026-06-04 11:40:22] Intento 3: Fallo en la conexión (Remote end closed connection without response).
[2026-06-04 11:40:22] Monitoreo abortado: No se pudo obtener un tamaño de archivo válido (> 0 bytes) tras los reintentos.
[2026-06-04 14:06:34] El archivo no ha cambiado de tamaño desde la última verificación.
[2026-06-04 16:02:51] El archivo no ha cambiado de tamaño desde la última verificación.
[2026-06-04 17:41:46] El archivo no ha cambiado de tamaño desde la última verificación.
[2026-06-04 18:53:12] El archivo no ha cambiado de tamaño desde la última verificación.
[2026-06-04 21:52:01] El archivo no ha cambiado de tamaño desde la última verificación.
[2026-06-05 01:59:56] El archivo no ha cambiado de tamaño desde la última verificación.
[2026-06-05 05:53:30] El archivo no ha cambiado de tamaño desde la última verificación.
[2026-06-05 08:51:07] El archivo no ha cambiado de tamaño desde la última verificación.
[2026-06-05 11:25:04] El archivo no ha cambiado de tamaño desde la última verificación.
[2026-06-05 13:21:59] El archivo no ha cambiado de tamaño desde la última verificación.
[2026-06-05 15:21:58] El archivo no ha cambiado de tamaño desde la última verificación.
[2026-06-05 16:54:07] El archivo no ha cambiado de tamaño desde la última verificación.
[2026-06-05 18:05:43] El archivo no ha cambiado de tamaño desde la última verificación.
[2026-06-05 19:18:27] El archivo no ha cambiado de tamaño desde la última verificación.
[2026-06-05 23:32:10] El archivo no ha cambiado de tamaño desde la última verificación.
[2026-06-06 02:35:00] El archivo no ha cambiado de tamaño desde la última verificación.
[2026-06-06 04:36:37] El archivo no ha cambiado de tamaño desde la última verificación.
[2026-06-06 06:09:48] El archivo no ha cambiado de tamaño desde la última verificación.
[2026-06-06 07:18:16] El archivo no ha cambiado de tamaño desde la última verificación.
[2026-06-06 09:13:09] El archivo no ha cambiado de tamaño desde la última verificación.
[2026-06-06 10:42:14] El archivo no ha cambiado de tamaño desde la última verificación.
[2026-06-06 11:48:45] El archivo no ha cambiado de tamaño desde la última verificación.
[2026-06-06 12:56:22] El archivo no ha cambiado de tamaño desde la última verificación.
[2026-06-06 14:28:04] El archivo no ha cambiado de tamaño desde la última verificación.
[2026-06-06 15:42:32] El archivo no ha cambiado de tamaño desde la última verificación.
[2026-06-06 16:45:52] El archivo no ha cambiado de tamaño desde la última verificación.
[2026-06-06 17:47:00] El archivo no ha cambiado de tamaño desde la última verificación.
[2026-06-06 18:50:23] El archivo no ha cambiado de tamaño desde la última verificación.
[2026-06-06 21:03:47] El archivo no ha cambiado de tamaño desde la última verificación.
[2026-06-07 01:41:08] El archivo no ha cambiado de tamaño desde la última verificación.
[2026-06-07 04:51:43] El archivo no ha cambiado de tamaño desde la última verificación.
[2026-06-07 06:43:00] El archivo no ha cambiado de tamaño desde la última verificación.
[2026-06-07 08:10:06] El archivo no ha cambiado de tamaño desde la última verificación.
[2026-06-07 10:01:37] El archivo no ha cambiado de tamaño desde la última verificación.
[2026-06-07 11:40:44] El archivo no ha cambiado de tamaño desde la última verificación.
[2026-06-07 12:52:36] El archivo no ha cambiado de tamaño desde la última verificación.
[2026-06-07 14:10:12] El archivo no ha cambiado de tamaño desde la última verificación.
[2026-06-07 15:38:17] El archivo no ha cambiado de tamaño desde la última verificación.
[2026-06-07 16:49:41] El archivo no ha cambiado de tamaño desde la última verificación.
[2026-06-07 17:51:39] El archivo no ha cambiado de tamaño desde la última verificación.
[2026-06-07 18:58:52] El archivo no ha cambiado de tamaño desde la última verificación.
[2026-06-07 23:56:31] El archivo no ha cambiado de tamaño desde la última verificación.
[2026-06-08 04:26:12] El archivo no ha cambiado de tamaño desde la última verificación.
[2026-06-08 08:50:46] El archivo no ha cambiado de tamaño desde la última verificación.
[2026-06-08 12:00:34] El archivo no ha cambiado de tamaño desde la última verificación.
[2026-06-08 14:30:33] El archivo no ha cambiado de tamaño desde la última verificación.
[2026-06-08 16:25:14] El archivo no ha cambiado de tamaño desde la última verificación.
[2026-06-08 17:56:49] El archivo no ha cambiado de tamaño desde la última verificación.
[2026-06-08 19:10:09] El archivo no ha cambiado de tamaño desde la última verificación.
[2026-06-08 23:35:27] El archivo no ha cambiado de tamaño desde la última verificación.
[2026-06-09 03:19:33] El archivo no ha cambiado de tamaño desde la última verificación.
[2026-06-09 06:34:11] El archivo no ha cambiado de tamaño desde la última verificación.
[2026-06-09 09:02:49] El archivo no ha cambiado de tamaño desde la última verificación.
[2026-06-09 11:40:50] El archivo no ha cambiado de tamaño desde la última verificación.
[2026-06-09 13:59:25] El archivo no ha cambiado de tamaño desde la última verificación.
[2026-06-09 16:04:11] El archivo no ha cambiado de tamaño desde la última verificación.
[2026-06-09 17:45:50] El archivo no ha cambiado de tamaño desde la última verificación.
[2026-06-09 19:01:05] El archivo no ha cambiado de tamaño desde la última verificación.
[2026-06-09 23:40:29] El archivo no ha cambiado de tamaño desde la última verificación.
[2026-06-10 03:37:07] El archivo no ha cambiado de tamaño desde la última verificación.
[2026-06-10 06:58:03] El archivo no ha cambiado de tamaño desde la última verificación.
[2026-06-10 10:56:20] El archivo no ha cambiado de tamaño desde la última verificación.
[2026-06-10 13:32:22] El archivo no ha cambiado de tamaño desde la última verificación.
[2026-06-10 16:11:38] El archivo no ha cambiado de tamaño desde la última verificación.
[2026-06-10 17:57:59] El archivo no ha cambiado de tamaño desde la última verificación.
[2026-06-10 19:23:40] El archivo no ha cambiado de tamaño desde la última verificación.
[2026-06-11 00:08:08] El archivo no ha cambiado de tamaño desde la última verificación.
[2026-06-11 04:20:34] El archivo no ha cambiado de tamaño desde la última verificación.
[2026-06-11 07:59:10] El archivo no ha cambiado de tamaño desde la última verificación.
[2026-06-11 12:00:13] El archivo no ha cambiado de tamaño desde la última verificación.
[2026-06-11 14:40:18] El archivo no ha cambiado de tamaño desde la última verificación.
[2026-06-11 16:51:00] El archivo no ha cambiado de tamaño desde la última verificación.
[2026-06-11 18:12:57] El archivo no ha cambiado de tamaño desde la última verificación.
[2026-06-11 20:40:51] El archivo no ha cambiado de tamaño desde la última verificación.
[2026-06-12 01:20:06] El archivo no ha cambiado de tamaño desde la última verificación.
[2026-06-12 05:44:56] El archivo no ha cambiado de tamaño desde la última verificación.
[2026-06-12 08:53:52] El archivo no ha cambiado de tamaño desde la última verificación.
[2026-06-12 11:42:07] El archivo no ha cambiado de tamaño desde la última verificación.
[2026-06-12 13:31:52] El archivo no ha cambiado de tamaño desde la última verificación.
[2026-06-12 15:38:43] El archivo no ha cambiado de tamaño desde la última verificación.
[2026-06-12 17:14:51] El archivo no ha cambiado de tamaño desde la última verificación.
[2026-06-12 18:55:16] El archivo no ha cambiado de tamaño desde la última verificación.
[2026-06-12 22:47:11] El archivo no ha cambiado de tamaño desde la última verificación.
[2026-06-13 02:37:16] El archivo no ha cambiado de tamaño desde la última verificación.
[2026-06-13 05:16:14] El archivo no ha cambiado de tamaño desde la última verificación.
[2026-06-13 07:04:53] El archivo no ha cambiado de tamaño desde la última verificación.
[2026-06-13 09:22:08] El archivo no ha cambiado de tamaño desde la última verificación.
[2026-06-13 10:55:27] El archivo no ha cambiado de tamaño desde la última verificación.
[2026-06-13 12:23:09] El archivo no ha cambiado de tamaño desde la última verificación.
[2026-06-13 13:51:20] El archivo no ha cambiado de tamaño desde la última verificación.
[2026-06-13 15:10:30] El archivo no ha cambiado de tamaño desde la última verificación.
[2026-06-13 16:38:37] El archivo no ha cambiado de tamaño desde la última verificación.
[2026-06-13 17:45:53] El archivo no ha cambiado de tamaño desde la última verificación.
[2026-06-13 18:51:44] El archivo no ha cambiado de tamaño desde la última verificación.
[2026-06-13 21:41:05] El archivo no ha cambiado de tamaño desde la última verificación.
[2026-06-14 02:09:41] El archivo no ha cambiado de tamaño desde la última verificación.
[2026-06-14 05:32:13] El archivo no ha cambiado de tamaño desde la última verificación.
[2026-06-14 07:26:56] El archivo no ha cambiado de tamaño desde la última verificación.
[2026-06-14 09:54:37] El archivo no ha cambiado de tamaño desde la última verificación.
[2026-06-14 11:20:23] El archivo no ha cambiado de tamaño desde la última verificación.
[2026-06-14 12:54:31] El archivo no ha cambiado de tamaño desde la última verificación.
[2026-06-14 14:24:57] El archivo no ha cambiado de tamaño desde la última verificación.
[2026-06-14 15:48:01] El archivo no ha cambiado de tamaño desde la última verificación.
[2026-06-14 16:59:41] El archivo no ha cambiado de tamaño desde la última verificación.
[2026-06-14 18:20:31] El archivo no ha cambiado de tamaño desde la última verificación.
[2026-06-14 20:43:22] El archivo no ha cambiado de tamaño desde la última verificación.
[2026-06-15 02:01:41] El archivo no ha cambiado de tamaño desde la última verificación.
[2026-06-15 08:23:50] El archivo no ha cambiado de tamaño desde la última verificación.
[2026-06-15 13:07:12] El archivo no ha cambiado de tamaño desde la última verificación.
[2026-06-15 16:19:51] El archivo no ha cambiado de tamaño desde la última verificación.
[2026-06-15 18:13:42] El archivo no ha cambiado de tamaño desde la última verificación.
[2026-06-15 20:48:48] El archivo no ha cambiado de tamaño desde la última verificación.
[2026-06-16 02:10:46] El archivo no ha cambiado de tamaño desde la última verificación.
[2026-06-16 07:22:58] El archivo no ha cambiado de tamaño desde la última verificación.
[2026-06-16 12:30:10] El archivo no ha cambiado de tamaño desde la última verificación.
[2026-06-16 15:27:18] El archivo no ha cambiado de tamaño desde la última verificación.
[2026-06-16 17:30:45] El archivo no ha cambiado de tamaño desde la última verificación.
[2026-06-16 19:00:40] El archivo no ha cambiado de tamaño desde la última verificación.
[2026-06-17 00:05:44] El archivo no ha cambiado de tamaño desde la última verificación.
[2026-06-17 05:00:48] El archivo no ha cambiado de tamaño desde la última verificación.
[2026-06-17 08:52:48] El archivo no ha cambiado de tamaño desde la última verificación.
[2026-06-17 11:52:04] El archivo no ha cambiado de tamaño desde la última verificación.
[2026-06-17 14:18:20] El archivo no ha cambiado de tamaño desde la última verificación.
[2026-06-17 16:25:57] El archivo no ha cambiado de tamaño desde la última verificación.
[2026-06-17 17:58:39] El archivo no ha cambiado de tamaño desde la última verificación.
[2026-06-17 19:22:36] El archivo no ha cambiado de tamaño desde la última verificación.
[2026-06-18 00:13:15] El archivo no ha cambiado de tamaño desde la última verificación.
[2026-06-18 04:48:21] El archivo no ha cambiado de tamaño desde la última verificación.
[2026-06-18 07:43:18] El archivo no ha cambiado de tamaño desde la última verificación.
[2026-06-18 11:18:23] El archivo no ha cambiado de tamaño desde la última verificación.
[2026-06-18 13:38:48] El archivo no ha cambiado de tamaño desde la última verificación.
[2026-06-18 16:12:45] El archivo no ha cambiado de tamaño desde la última verificación.
[2026-06-18 18:11:11] El archivo no ha cambiado de tamaño desde la última verificación.
[2026-06-18 21:06:59] El archivo no ha cambiado de tamaño desde la última verificación.
[2026-06-19 02:24:49] El archivo no ha cambiado de tamaño desde la última verificación.
[2026-06-19 06:48:08] El archivo no ha cambiado de tamaño desde la última verificación.
[2026-06-19 09:32:32] El archivo no ha cambiado de tamaño desde la última verificación.
[2026-06-19 12:01:41] El archivo no ha cambiado de tamaño desde la última verificación.
[2026-06-19 14:05:09] El archivo no ha cambiado de tamaño desde la última verificación.
[2026-06-19 15:44:38] El archivo no ha cambiado de tamaño desde la última verificación.
[2026-06-19 16:53:38] El archivo no ha cambiado de tamaño desde la última verificación.
[2026-06-19 17:52:19] El archivo no ha cambiado de tamaño desde la última verificación.
[2026-06-19 19:02:40] El archivo no ha cambiado de tamaño desde la última verificación.
[2026-06-19 23:37:23] El archivo no ha cambiado de tamaño desde la última verificación.
[2026-06-20 03:05:45] El archivo no ha cambiado de tamaño desde la última verificación.
[2026-06-20 05:40:05] El archivo no ha cambiado de tamaño desde la última verificación.
[2026-06-20 07:18:20] El archivo no ha cambiado de tamaño desde la última verificación.
[2026-06-20 09:36:02] El archivo no ha cambiado de tamaño desde la última verificación.
[2026-06-20 11:04:58] El archivo no ha cambiado de tamaño desde la última verificación.
[2026-06-20 12:44:28] El archivo no ha cambiado de tamaño desde la última verificación.
[2026-06-20 14:01:32] El archivo no ha cambiado de tamaño desde la última verificación.
[2026-06-20 15:23:32] El archivo no ha cambiado de tamaño desde la última verificación.
[2026-06-20 16:46:02] El archivo no ha cambiado de tamaño desde la última verificación.
[2026-06-20 17:53:07] El archivo no ha cambiado de tamaño desde la última verificación.
[2026-06-20 19:01:57] El archivo no ha cambiado de tamaño desde la última verificación.
[2026-06-21 00:13:23] El archivo no ha cambiado de tamaño desde la última verificación.
[2026-06-21 04:03:33] El archivo no ha cambiado de tamaño desde la última verificación.
[2026-06-21 06:51:20] El archivo no ha cambiado de tamaño desde la última verificación.
[2026-06-21 08:46:40] El archivo no ha cambiado de tamaño desde la última verificación.
[2026-06-21 10:31:25] El archivo no ha cambiado de tamaño desde la última verificación.
[2026-06-21 12:09:23] El archivo no ha cambiado de tamaño desde la última verificación.
[2026-06-21 13:50:31] El archivo no ha cambiado de tamaño desde la última verificación.
[2026-06-21 15:19:45] El archivo no ha cambiado de tamaño desde la última verificación.
[2026-06-21 16:48:11] El archivo no ha cambiado de tamaño desde la última verificación.
[2026-06-21 17:54:29] El archivo no ha cambiado de tamaño desde la última verificación.
[2026-06-21 19:10:21] El archivo no ha cambiado de tamaño desde la última verificación.
[2026-06-22 00:31:04] El archivo no ha cambiado de tamaño desde la última verificación.
[2026-06-22 06:17:39] El archivo no ha cambiado de tamaño desde la última verificación.
[2026-06-22 11:04:09] El archivo no ha cambiado de tamaño desde la última verificación.
[2026-06-22 14:40:07] Intento 1: Fallo en la conexión (Remote end closed connection without response).
[2026-06-22 14:40:13] El archivo no ha cambiado de tamaño desde la última verificación.
[2026-06-22 16:49:23] El archivo no ha cambiado de tamaño desde la última verificación.
[2026-06-22 18:08:45] El archivo no ha cambiado de tamaño desde la última verificación.
[2026-06-22 19:20:48] El archivo no ha cambiado de tamaño desde la última verificación.
[2026-06-22 23:36:35] El archivo no ha cambiado de tamaño desde la última verificación.
[2026-06-23 03:18:57] El archivo no ha cambiado de tamaño desde la última verificación.
[2026-06-23 06:33:46] El archivo no ha cambiado de tamaño desde la última verificación.
[2026-06-23 09:03:02] El archivo no ha cambiado de tamaño desde la última verificación.
[2026-06-23 11:39:44] El archivo no ha cambiado de tamaño desde la última verificación.
[2026-06-23 13:30:56] El archivo no ha cambiado de tamaño desde la última verificación.
[2026-06-23 15:36:43] El archivo no ha cambiado de tamaño desde la última verificación.
[2026-06-23 17:03:07] El archivo no ha cambiado de tamaño desde la última verificación.
[2026-06-23 18:18:26] El archivo no ha cambiado de tamaño desde la última verificación.
[2026-06-23 19:15:00] El archivo no ha cambiado de tamaño desde la última verificación.
[2026-06-23 23:40:34] El archivo no ha cambiado de tamaño desde la última verificación.
[2026-06-24 03:05:15] El archivo no ha cambiado de tamaño desde la última verificación.
[2026-06-24 06:15:32] El archivo no ha cambiado de tamaño desde la última verificación.
[2026-06-24 08:31:17] El archivo no ha cambiado de tamaño desde la última verificación.
[2026-06-24 10:59:05] El archivo no ha cambiado de tamaño desde la última verificación.
[2026-06-24 13:03:31] El archivo no ha cambiado de tamaño desde la última verificación.
[2026-06-24 15:02:17] El archivo no ha cambiado de tamaño desde la última verificación.
[2026-06-24 16:41:12] El archivo no ha cambiado de tamaño desde la última verificación.
[2026-06-24 17:52:36] El archivo no ha cambiado de tamaño desde la última verificación.
[2026-06-24 19:01:53] El archivo no ha cambiado de tamaño desde la última verificación.
[2026-06-24 23:19:48] El archivo no ha cambiado de tamaño desde la última verificación.
[2026-06-25 02:58:24] El archivo no ha cambiado de tamaño desde la última verificación.
[2026-06-25 05:49:53] El archivo no ha cambiado de tamaño desde la última verificación.
[2026-06-25 08:08:23] El archivo no ha cambiado de tamaño desde la última verificación.
[2026-06-25 10:45:04] El archivo no ha cambiado de tamaño desde la última verificación.
[2026-06-25 12:56:40] El archivo no ha cambiado de tamaño desde la última verificación.
[2026-06-25 15:04:15] El archivo no ha cambiado de tamaño desde la última verificación.
[2026-06-25 16:51:04] El archivo no ha cambiado de tamaño desde la última verificación.
[2026-06-25 18:06:05] El archivo no ha cambiado de tamaño desde la última verificación.
[2026-06-25 19:22:04] El archivo no ha cambiado de tamaño desde la última verificación.
[2026-06-25 23:48:18] El archivo no ha cambiado de tamaño desde la última verificación.
[2026-06-26 03:23:27] El archivo no ha cambiado de tamaño desde la última verificación.
[2026-06-26 06:21:37] El archivo no ha cambiado de tamaño desde la última verificación.
[2026-06-26 08:26:50] El archivo no ha cambiado de tamaño desde la última verificación.
[2026-06-26 10:40:06] El archivo no ha cambiado de tamaño desde la última verificación.
[2026-06-26 12:23:57] El archivo no ha cambiado de tamaño desde la última verificación.
[2026-06-26 14:17:42] El archivo no ha cambiado de tamaño desde la última verificación.
[2026-06-26 15:59:55] El archivo no ha cambiado de tamaño desde la última verificación.
[2026-06-26 17:20:57] El archivo no ha cambiado de tamaño desde la última verificación.
[2026-06-26 18:39:59] El archivo no ha cambiado de tamaño desde la última verificación.
[2026-06-26 20:34:35] El archivo no ha cambiado de tamaño desde la última verificación.
[2026-06-27 00:36:29] El archivo no ha cambiado de tamaño desde la última verificación.
[2026-06-27 03:14:44] El archivo no ha cambiado de tamaño desde la última verificación.
[2026-06-27 05:26:27] El archivo no ha cambiado de tamaño desde la última verificación.
[2026-06-27 06:55:57] El archivo no ha cambiado de tamaño desde la última verificación.
[2026-06-27 08:46:55] El archivo no ha cambiado de tamaño desde la última verificación.
[2026-06-27 10:05:46] El archivo no ha cambiado de tamaño desde la última verificación.
[2026-06-27 11:18:06] El archivo no ha cambiado de tamaño desde la última verificación.
[2026-06-27 12:34:55] El archivo no ha cambiado de tamaño desde la última verificación.
[2026-06-27 13:48:44] El archivo no ha cambiado de tamaño desde la última verificación.
[2026-06-27 15:01:04] El archivo no ha cambiado de tamaño desde la última verificación.
[2026-06-27 16:15:41] El archivo no ha cambiado de tamaño desde la última verificación.
[2026-06-27 17:31:54] El archivo no ha cambiado de tamaño desde la última verificación.
[2026-06-27 18:37:02] El archivo no ha cambiado de tamaño desde la última verificación.
[2026-06-27 20:50:45] El archivo no ha cambiado de tamaño desde la última verificación.
[2026-06-28 01:07:41] El archivo no ha cambiado de tamaño desde la última verificación.
[2026-06-28 01:08:28] El archivo no ha cambiado de tamaño desde la última verificación.
[2026-06-28 04:31:58] El archivo no ha cambiado de tamaño desde la última verificación.
[2026-06-28 06:22:39] El archivo no ha cambiado de tamaño desde la última verificación.
[2026-06-28 07:52:09] El archivo no ha cambiado de tamaño desde la última verificación.
[2026-06-28 09:43:13] El archivo no ha cambiado de tamaño desde la última verificación.
[2026-06-28 10:58:50] El archivo no ha cambiado de tamaño desde la última verificación.
[2026-06-28 12:22:01] El archivo no ha cambiado de tamaño desde la última verificación.
[2026-06-28 13:40:34] El archivo no ha cambiado de tamaño desde la última verificación.
[2026-06-28 14:59:46] El archivo no ha cambiado de tamaño desde la última verificación.
[2026-06-28 16:13:03] El archivo no ha cambiado de tamaño desde la última verificación.
[2026-06-28 17:16:52] El archivo no ha cambiado de tamaño desde la última verificación.
[2026-06-28 18:33:17] El archivo no ha cambiado de tamaño desde la última verificación.
[2026-06-28 20:38:58] El archivo no ha cambiado de tamaño desde la última verificación.
[2026-06-29 01:23:02] El archivo no ha cambiado de tamaño desde la última verificación.
[2026-06-29 06:30:26] El archivo no ha cambiado de tamaño desde la última verificación.
[2026-06-29 10:01:17] El archivo no ha cambiado de tamaño desde la última verificación.
[2026-06-29 12:45:54] El archivo no ha cambiado de tamaño desde la última verificación.
[2026-06-29 14:27:04] El archivo no ha cambiado de tamaño desde la última verificación.
[2026-06-29 16:09:59] El archivo no ha cambiado de tamaño desde la última verificación.
[2026-06-29 17:20:30] El archivo no ha cambiado de tamaño desde la última verificación.
[2026-06-29 18:30:46] El archivo no ha cambiado de tamaño desde la última verificación.
[2026-06-29 20:32:55] El archivo no ha cambiado de tamaño desde la última verificación.
[2026-06-30 00:51:50] El archivo no ha cambiado de tamaño desde la última verificación.
[2026-06-30 03:56:43] El archivo no ha cambiado de tamaño desde la última verificación.
[2026-06-30 06:47:11] El archivo no ha cambiado de tamaño desde la última verificación.
[2026-06-30 08:30:26] El archivo no ha cambiado de tamaño desde la última verificación.
[2026-06-30 11:09:39] El archivo no ha cambiado de tamaño desde la última verificación.
[2026-06-30 13:14:06] El archivo no ha cambiado de tamaño desde la última verificación.
[2026-06-30 15:21:39] El archivo no ha cambiado de tamaño desde la última verificación.
[2026-06-30 16:52:19] El archivo no ha cambiado de tamaño desde la última verificación.
[2026-06-30 18:03:34] El archivo no ha cambiado de tamaño desde la última verificación.
[2026-06-30 19:18:23] El archivo no ha cambiado de tamaño desde la última verificación.
[2026-06-30 23:58:05] El archivo no ha cambiado de tamaño desde la última verificación.
[2026-07-01 03:52:41] El archivo no ha cambiado de tamaño desde la última verificación.
[2026-07-01 06:54:54] El archivo no ha cambiado de tamaño desde la última verificación.
[2026-07-01 09:33:18] El archivo no ha cambiado de tamaño desde la última verificación.
[2026-07-01 12:00:55] El archivo no ha cambiado de tamaño desde la última verificación.
[2026-07-01 14:05:29] El archivo no ha cambiado de tamaño desde la última verificación.
[2026-07-01 15:52:48] El archivo no ha cambiado de tamaño desde la última verificación.
[2026-07-01 17:14:07] El archivo no ha cambiado de tamaño desde la última verificación.
[2026-07-01 18:47:01] El archivo no ha cambiado de tamaño desde la última verificación.
[2026-07-01 20:52:28] El archivo no ha cambiado de tamaño desde la última verificación.
[2026-07-02 00:52:15] El archivo no ha cambiado de tamaño desde la última verificación.
[2026-07-02 03:43:33] El archivo no ha cambiado de tamaño desde la última verificación.
[2026-07-02 06:21:48] El archivo no ha cambiado de tamaño desde la última verificación.
[2026-07-02 08:14:31] El archivo no ha cambiado de tamaño desde la última verificación.
[2026-07-02 10:34:24] El archivo no ha cambiado de tamaño desde la última verificación.
[2026-07-02 12:15:00] El archivo no ha cambiado de tamaño desde la última verificación.
[2026-07-02 13:50:55] El archivo no ha cambiado de tamaño desde la última verificación.
[2026-07-02 15:13:04] ¡Incremento detectado! Tamaño anterior: 39565485 bytes. Nuevo tamaño: 48494212 bytes.
[2026-07-02 15:13:04] Descargando el archivo actualizado...
[2026-07-02 15:13:43] Ejecutando script de cálculo y consolidación...
[2026-07-02 15:18:22] Script de cálculo ejecutado con éxito.
[2026-07-02 15:18:22] Enviando correo de notificación...
[2026-07-02 15:18:23] Correo enviado con éxito.
[2026-07-02 16:35:07] El archivo no ha cambiado de tamaño desde la última verificación.
[2026-07-02 17:43:49] El archivo no ha cambiado de tamaño desde la última verificación.
[2026-07-02 18:47:07] El archivo no ha cambiado de tamaño desde la última verificación.
[2026-07-02 20:21:29] El archivo no ha cambiado de tamaño desde la última verificación.
[2026-07-03 00:07:18] El archivo no ha cambiado de tamaño desde la última verificación.
[2026-07-03 03:26:25] El archivo no ha cambiado de tamaño desde la última verificación.
[2026-07-03 06:10:24] El archivo no ha cambiado de tamaño desde la última verificación.
[2026-07-03 08:11:53] El archivo no ha cambiado de tamaño desde la última verificación.
[2026-07-03 10:26:14] ¡Incremento detectado! Tamaño anterior: 48494212 bytes. Nuevo tamaño: 48500802 bytes.
[2026-07-03 10:26:14] Descargando el archivo actualizado...
[2026-07-03 10:27:00] Ejecutando script de cálculo y consolidación...
[2026-07-03 10:31:05] Error al ejecutar el script de cálculo: Traceback (most recent call last):
  File "/home/runner/work/MonitorSri-Web/MonitorSri-Web/procesador_sri.py", line 327, in <module>
    main()
  File "/home/runner/work/MonitorSri-Web/MonitorSri-Web/procesador_sri.py", line 221, in main
    df_2026 = load_and_clean_2026(args.input_dir)
  File "/home/runner/work/MonitorSri-Web/MonitorSri-Web/procesador_sri.py", line 186, in load_and_clean_2026
    return load_and_clean_generic(filepath, 2026)
  File "/home/runner/work/MonitorSri-Web/MonitorSri-Web/procesador_sri.py", line 144, in load_and_clean_generic
    raise KeyError(f"Columnas requeridas no encontradas en el archivo de {year}: {missing}. Columnas disponibles: {actual_cols}")
KeyError: "Columnas requeridas no encontradas en el archivo de 2026: ['CATEGORÍA', 'CODIGO DE VEHICULO', 'TIPO TRANSACCIÓN']. Columnas disponibles: ['ï»¿CATEGORÃ\\x8dA', 'CÃ\\x93DIGO DE VEHÃ\\x8dCULO', 'TIPO TRANSACCIÃ\\x93N', 'MARCA', 'MODELO', 'PAIS', 'AÃ\\x91O MODELO', 'CLASE', 'SUB CLASE', 'TIPO', 'AVALUO', 'FECHA PROCESO (DD/MM/AAAA)', 'TIPO SERVICIO', 'CILINDRAJE', 'TIPO COMBUSTIBLE', 'FECHA COMPRA  (DD/MM/AAAA)', 'CANTÃ\\x93N', 'COLOR 1', 'COLOR 2', 'PERSONA NATURAL - JURÃ\\x8dDICA']"

[2026-07-03 10:31:05] Enviando correo de notificación de error...
[2026-07-03 10:31:07] Correo de error enviado con éxito.
[2026-07-03 10:31:07] Enviando correo de notificación...
[2026-07-03 10:31:09] Correo enviado con éxito.
[2026-07-03 11:54:37] El archivo no ha cambiado de tamaño desde la última verificación.
[2026-07-03 13:11:49] El archivo no ha cambiado de tamaño desde la última verificación.
[2026-07-03 14:50:38] El archivo no ha cambiado de tamaño desde la última verificación.
[2026-07-03 15:50:03] El archivo no ha cambiado de tamaño desde la última verificación.
[2026-07-03 16:51:38] El archivo no ha cambiado de tamaño desde la última verificación.
[2026-07-03 17:54:34] El archivo no ha cambiado de tamaño desde la última verificación.
[2026-07-03 19:03:05] El archivo no ha cambiado de tamaño desde la última verificación.
[2026-07-03 22:56:59] El archivo no ha cambiado de tamaño desde la última verificación.
[2026-07-04 01:51:09] El archivo no ha cambiado de tamaño desde la última verificación.
[2026-07-04 04:12:26] El archivo no ha cambiado de tamaño desde la última verificación.
[2026-07-04 06:01:31] El archivo no ha cambiado de tamaño desde la última verificación.
[2026-07-04 07:13:16] El archivo no ha cambiado de tamaño desde la última verificación.
[2026-07-04 09:01:00] El archivo no ha cambiado de tamaño desde la última verificación.
[2026-07-04 10:16:41] El archivo no ha cambiado de tamaño desde la última verificación.
[2026-07-04 11:28:56] El archivo no ha cambiado de tamaño desde la última verificación.
[2026-07-04 12:36:02] El archivo no ha cambiado de tamaño desde la última verificación.
[2026-07-04 13:38:03] El archivo no ha cambiado de tamaño desde la última verificación.
[2026-07-04 14:52:19] El archivo no ha cambiado de tamaño desde la última verificación.
[2026-07-04 15:44:49] El archivo no ha cambiado de tamaño desde la última verificación.
[2026-07-04 16:42:17] El archivo no ha cambiado de tamaño desde la última verificación.
[2026-07-04 17:40:38] El archivo no ha cambiado de tamaño desde la última verificación.
[2026-07-04 18:43:57] El archivo no ha cambiado de tamaño desde la última verificación.
[2026-07-04 20:26:29] El archivo no ha cambiado de tamaño desde la última verificación.
[2026-07-05 00:40:28] El archivo no ha cambiado de tamaño desde la última verificación.
[2026-07-05 03:31:03] El archivo no ha cambiado de tamaño desde la última verificación.
[2026-07-05 05:48:41] El archivo no ha cambiado de tamaño desde la última verificación.
[2026-07-05 07:05:52] El archivo no ha cambiado de tamaño desde la última verificación.
[2026-07-05 09:04:48] El archivo no ha cambiado de tamaño desde la última verificación.
[2026-07-05 10:33:35] El archivo no ha cambiado de tamaño desde la última verificación.
[2026-07-05 11:38:24] El archivo no ha cambiado de tamaño desde la última verificación.
[2026-07-05 12:44:28] El archivo no ha cambiado de tamaño desde la última verificación.
[2026-07-05 13:48:35] El archivo no ha cambiado de tamaño desde la última verificación.
[2026-07-05 15:03:21] El archivo no ha cambiado de tamaño desde la última verificación.
[2026-07-05 16:16:00] El archivo no ha cambiado de tamaño desde la última verificación.
[2026-07-05 17:16:13] El archivo no ha cambiado de tamaño desde la última verificación.
[2026-07-05 18:31:32] El archivo no ha cambiado de tamaño desde la última verificación.
[2026-07-05 20:19:43] El archivo no ha cambiado de tamaño desde la última verificación.
[2026-07-06 00:42:09] El archivo no ha cambiado de tamaño desde la última verificación.
[2026-07-06 04:44:48] El archivo no ha cambiado de tamaño desde la última verificación.
[2026-07-06 08:34:14] El archivo no ha cambiado de tamaño desde la última verificación.
[2026-07-06 11:43:07] El archivo no ha cambiado de tamaño desde la última verificación.
[2026-07-06 13:32:39] El archivo no ha cambiado de tamaño desde la última verificación.
[2026-07-06 15:31:06] El archivo no ha cambiado de tamaño desde la última verificación.
[2026-07-06 16:59:20] El archivo no ha cambiado de tamaño desde la última verificación.
[2026-07-06 18:16:41] El archivo no ha cambiado de tamaño desde la última verificación.
[2026-07-06 20:11:07] El archivo no ha cambiado de tamaño desde la última verificación.
[2026-07-07 00:07:38] El archivo no ha cambiado de tamaño desde la última verificación.
[2026-07-07 03:39:44] El archivo no ha cambiado de tamaño desde la última verificación.
[2026-07-07 06:30:47] El archivo no ha cambiado de tamaño desde la última verificación.
[2026-07-07 08:39:01] El archivo no ha cambiado de tamaño desde la última verificación.
[2026-07-07 11:11:19] El archivo no ha cambiado de tamaño desde la última verificación.
[2026-07-07 13:20:45] El archivo no ha cambiado de tamaño desde la última verificación.
[2026-07-07 15:20:08] El archivo no ha cambiado de tamaño desde la última verificación.
[2026-07-07 16:48:07] El archivo no ha cambiado de tamaño desde la última verificación.
[2026-07-07 17:46:47] El archivo no ha cambiado de tamaño desde la última verificación.
[2026-07-07 18:41:20] El archivo no ha cambiado de tamaño desde la última verificación.
[2026-07-07 20:12:34] El archivo no ha cambiado de tamaño desde la última verificación.
[2026-07-07 23:34:21] El archivo no ha cambiado de tamaño desde la última verificación.
[2026-07-08 02:11:54] El archivo no ha cambiado de tamaño desde la última verificación.
[2026-07-08 04:38:34] El archivo no ha cambiado de tamaño desde la última verificación.
[2026-07-08 06:29:39] El archivo no ha cambiado de tamaño desde la última verificación.
[2026-07-08 08:11:18] El archivo no ha cambiado de tamaño desde la última verificación.
[2026-07-08 10:35:45] El archivo no ha cambiado de tamaño desde la última verificación.
[2026-07-08 12:05:18] El archivo no ha cambiado de tamaño desde la última verificación.
[2026-07-08 13:41:00] El archivo no ha cambiado de tamaño desde la última verificación.
[2026-07-08 15:09:53] El archivo no ha cambiado de tamaño desde la última verificación.
[2026-07-08 16:31:08] El archivo no ha cambiado de tamaño desde la última verificación.
[2026-07-08 17:37:24] El archivo no ha cambiado de tamaño desde la última verificación.
[2026-07-08 18:43:30] El archivo no ha cambiado de tamaño desde la última verificación.
[2026-07-08 20:19:28] El archivo no ha cambiado de tamaño desde la última verificación.
[2026-07-09 00:14:09] El archivo no ha cambiado de tamaño desde la última verificación.
[2026-07-09 06:39:22] El archivo no ha cambiado de tamaño desde la última verificación.
[2026-07-09 09:16:00] El archivo no ha cambiado de tamaño desde la última verificación.
[2026-07-09 11:45:57] El archivo no ha cambiado de tamaño desde la última verificación.
[2026-07-09 13:31:34] El archivo no ha cambiado de tamaño desde la última verificación.
[2026-07-09 15:25:51] El archivo no ha cambiado de tamaño desde la última verificación.
[2026-07-09 16:58:08] El archivo no ha cambiado de tamaño desde la última verificación.
[2026-07-09 18:19:22] El archivo no ha cambiado de tamaño desde la última verificación.
[2026-07-09 20:03:49] El archivo no ha cambiado de tamaño desde la última verificación.
[2026-07-10 00:04:09] El archivo no ha cambiado de tamaño desde la última verificación.
[2026-07-10 03:34:09] El archivo no ha cambiado de tamaño desde la última verificación.
[2026-07-10 06:30:06] El archivo no ha cambiado de tamaño desde la última verificación.
[2026-07-10 08:30:04] El archivo no ha cambiado de tamaño desde la última verificación.
[2026-07-10 10:58:45] El archivo no ha cambiado de tamaño desde la última verificación.
[2026-07-10 12:54:26] El archivo no ha cambiado de tamaño desde la última verificación.
[2026-07-10 14:23:24] El archivo no ha cambiado de tamaño desde la última verificación.
[2026-07-10 15:48:00] El archivo no ha cambiado de tamaño desde la última verificación.
[2026-07-10 16:45:36] El archivo no ha cambiado de tamaño desde la última verificación.
[2026-07-10 17:43:47] El archivo no ha cambiado de tamaño desde la última verificación.
[2026-07-10 18:41:09] El archivo no ha cambiado de tamaño desde la última verificación.
[2026-07-10 20:09:45] El archivo no ha cambiado de tamaño desde la última verificación.
[2026-07-10 23:27:53] El archivo no ha cambiado de tamaño desde la última verificación.
[2026-07-11 01:37:33] El archivo no ha cambiado de tamaño desde la última verificación.
[2026-07-11 03:26:06] El archivo no ha cambiado de tamaño desde la última verificación.
[2026-07-11 04:58:55] El archivo no ha cambiado de tamaño desde la última verificación.
[2026-07-11 06:12:41] El archivo no ha cambiado de tamaño desde la última verificación.
[2026-07-11 07:06:48] El archivo no ha cambiado de tamaño desde la última verificación.
[2026-07-11 08:50:18] El archivo no ha cambiado de tamaño desde la última verificación.
[2026-07-11 09:42:59] El archivo no ha cambiado de tamaño desde la última verificación.
[2026-07-11 10:38:24] El archivo no ha cambiado de tamaño desde la última verificación.
[2026-07-11 11:33:45] El archivo no ha cambiado de tamaño desde la última verificación.
[2026-07-11 12:37:09] El archivo no ha cambiado de tamaño desde la última verificación.
[2026-07-11 13:33:40] El archivo no ha cambiado de tamaño desde la última verificación.
[2026-07-11 14:48:29] Intento 1: Fallo en la conexión (Remote end closed connection without response).
[2026-07-11 14:48:35] El archivo no ha cambiado de tamaño desde la última verificación.
[2026-07-11 15:33:44] El archivo no ha cambiado de tamaño desde la última verificación.
[2026-07-11 16:29:12] El archivo no ha cambiado de tamaño desde la última verificación.
[2026-07-11 17:26:26] El archivo no ha cambiado de tamaño desde la última verificación.
[2026-07-11 18:28:12] El archivo no ha cambiado de tamaño desde la última verificación.
[2026-07-11 20:06:25] El archivo no ha cambiado de tamaño desde la última verificación.
[2026-07-11 23:35:58] El archivo no ha cambiado de tamaño desde la última verificación.
[2026-07-12 02:13:52] El archivo no ha cambiado de tamaño desde la última verificación.
[2026-07-12 04:18:45] El archivo no ha cambiado de tamaño desde la última verificación.
[2026-07-12 05:47:54] El archivo no ha cambiado de tamaño desde la última verificación.
[2026-07-12 06:47:08] El archivo no ha cambiado de tamaño desde la última verificación.
[2026-07-12 07:42:25] El archivo no ha cambiado de tamaño desde la última verificación.
[2026-07-12 09:16:32] El archivo no ha cambiado de tamaño desde la última verificación.
[2026-07-12 10:28:28] El archivo no ha cambiado de tamaño desde la última verificación.
[2026-07-12 11:29:54] El archivo no ha cambiado de tamaño desde la última verificación.
[2026-07-12 12:35:45] El archivo no ha cambiado de tamaño desde la última verificación.
[2026-07-12 13:32:59] El archivo no ha cambiado de tamaño desde la última verificación.
[2026-07-12 14:45:19] El archivo no ha cambiado de tamaño desde la última verificación.
[2026-07-12 15:29:28] El archivo no ha cambiado de tamaño desde la última verificación.
[2026-07-12 16:26:17] El archivo no ha cambiado de tamaño desde la última verificación.
[2026-07-12 17:24:17] El archivo no ha cambiado de tamaño desde la última verificación.
[2026-07-12 18:25:18] El archivo no ha cambiado de tamaño desde la última verificación.
[2026-07-12 20:04:09] El archivo no ha cambiado de tamaño desde la última verificación.
[2026-07-12 23:39:55] El archivo no ha cambiado de tamaño desde la última verificación.
[2026-07-13 02:53:50] El archivo no ha cambiado de tamaño desde la última verificación.
[2026-07-13 05:56:25] El archivo no ha cambiado de tamaño desde la última verificación.
[2026-07-13 08:26:16] El archivo no ha cambiado de tamaño desde la última verificación.
[2026-07-13 11:04:42] El archivo no ha cambiado de tamaño desde la última verificación.
[2026-07-13 13:04:11] El archivo no ha cambiado de tamaño desde la última verificación.
[2026-07-13 14:43:33] El archivo no ha cambiado de tamaño desde la última verificación.
[2026-07-13 15:43:19] El archivo no ha cambiado de tamaño desde la última verificación.
[2026-07-13 16:37:26] El archivo no ha cambiado de tamaño desde la última verificación.
[2026-07-13 17:36:05] El archivo no ha cambiado de tamaño desde la última verificación.
[2026-07-13 18:32:10] El archivo no ha cambiado de tamaño desde la última verificación.
[2026-07-13 19:58:13] El archivo no ha cambiado de tamaño desde la última verificación.
[2026-07-13 23:09:24] El archivo no ha cambiado de tamaño desde la última verificación.
[2026-07-14 01:24:08] El archivo no ha cambiado de tamaño desde la última verificación.
[2026-07-14 03:34:47] El archivo no ha cambiado de tamaño desde la última verificación.
[2026-07-14 05:22:05] El archivo no ha cambiado de tamaño desde la última verificación.
[2026-07-14 06:51:22] El archivo no ha cambiado de tamaño desde la última verificación.
[2026-07-14 08:05:06] El archivo no ha cambiado de tamaño desde la última verificación.
[2026-07-14 10:00:56] El archivo no ha cambiado de tamaño desde la última verificación.
[2026-07-14 11:23:12] El archivo no ha cambiado de tamaño desde la última verificación.
[2026-07-14 12:39:24] El archivo no ha cambiado de tamaño desde la última verificación.
[2026-07-14 13:47:10] El archivo no ha cambiado de tamaño desde la última verificación.
[2026-07-14 15:00:06] El archivo no ha cambiado de tamaño desde la última verificación.
[2026-07-14 16:08:53] El archivo no ha cambiado de tamaño desde la última verificación.
[2026-07-14 17:11:24] El archivo no ha cambiado de tamaño desde la última verificación.
[2026-07-14 18:11:33] El archivo no ha cambiado de tamaño desde la última verificación.
[2026-07-14 19:06:12] El archivo no ha cambiado de tamaño desde la última verificación.
[2026-07-14 22:28:55] El archivo no ha cambiado de tamaño desde la última verificación.
[2026-07-15 00:55:09] El archivo no ha cambiado de tamaño desde la última verificación.
[2026-07-15 03:09:24] El archivo no ha cambiado de tamaño desde la última verificación.
[2026-07-15 05:15:12] El archivo no ha cambiado de tamaño desde la última verificación.
[2026-07-15 06:52:27] El archivo no ha cambiado de tamaño desde la última verificación.
[2026-07-15 08:18:24] El archivo no ha cambiado de tamaño desde la última verificación.
[2026-07-15 10:04:09] El archivo no ha cambiado de tamaño desde la última verificación.
[2026-07-15 11:41:56] El archivo no ha cambiado de tamaño desde la última verificación.
[2026-07-15 12:55:48] El archivo no ha cambiado de tamaño desde la última verificación.
[2026-07-15 14:13:03] El archivo no ha cambiado de tamaño desde la última verificación.
[2026-07-15 15:19:08] El archivo no ha cambiado de tamaño desde la última verificación.
[2026-07-15 16:26:40] El archivo no ha cambiado de tamaño desde la última verificación.
[2026-07-15 17:31:09] El archivo no ha cambiado de tamaño desde la última verificación.
[2026-07-15 18:34:24] El archivo no ha cambiado de tamaño desde la última verificación.
[2026-07-15 20:04:15] El archivo no ha cambiado de tamaño desde la última verificación.
[2026-07-15 23:21:04] El archivo no ha cambiado de tamaño desde la última verificación.
[2026-07-16 01:39:05] El archivo no ha cambiado de tamaño desde la última verificación.
[2026-07-16 04:01:26] El archivo no ha cambiado de tamaño desde la última verificación.
[2026-07-16 06:07:42] El archivo no ha cambiado de tamaño desde la última verificación.
[2026-07-16 07:48:09] El archivo no ha cambiado de tamaño desde la última verificación.
[2026-07-16 09:49:48] El archivo no ha cambiado de tamaño desde la última verificación.
[2026-07-16 11:06:40] El archivo no ha cambiado de tamaño desde la última verificación.
[2026-07-16 12:38:19] El archivo no ha cambiado de tamaño desde la última verificación.
[2026-07-16 13:46:46] El archivo no ha cambiado de tamaño desde la última verificación.
[2026-07-16 14:50:28] El archivo no ha cambiado de tamaño desde la última verificación.
[2026-07-16 15:41:05] El archivo no ha cambiado de tamaño desde la última verificación.
[2026-07-16 16:46:35] El archivo no ha cambiado de tamaño desde la última verificación.
[2026-07-16 17:42:27] El archivo no ha cambiado de tamaño desde la última verificación.
[2026-07-16 18:40:06] El archivo no ha cambiado de tamaño desde la última verificación.
[2026-07-16 20:11:44] El archivo no ha cambiado de tamaño desde la última verificación.
[2026-07-16 23:26:26] El archivo no ha cambiado de tamaño desde la última verificación.
[2026-07-17 01:39:35] El archivo no ha cambiado de tamaño desde la última verificación.
[2026-07-17 03:57:26] El archivo no ha cambiado de tamaño desde la última verificación.
[2026-07-17 05:52:14] El archivo no ha cambiado de tamaño desde la última verificación.
[2026-07-17 07:02:59] El archivo no ha cambiado de tamaño desde la última verificación.
[2026-07-17 08:58:44] El archivo no ha cambiado de tamaño desde la última verificación.
[2026-07-17 10:20:14] El archivo no ha cambiado de tamaño desde la última verificación.
[2026-07-17 11:37:59] El archivo no ha cambiado de tamaño desde la última verificación.
[2026-07-17 12:44:09] El archivo no ha cambiado de tamaño desde la última verificación.
[2026-07-17 13:42:39] El archivo no ha cambiado de tamaño desde la última verificación.
[2026-07-17 14:49:37] El archivo no ha cambiado de tamaño desde la última verificación.
[2026-07-17 15:38:52] El archivo no ha cambiado de tamaño desde la última verificación.
[2026-07-17 16:32:19] El archivo no ha cambiado de tamaño desde la última verificación.
[2026-07-17 17:27:22] El archivo no ha cambiado de tamaño desde la última verificación.
[2026-07-17 18:26:54] El archivo no ha cambiado de tamaño desde la última verificación.
[2026-07-17 19:57:02] El archivo no ha cambiado de tamaño desde la última verificación.
[2026-07-17 22:57:17] El archivo no ha cambiado de tamaño desde la última verificación.
[2026-07-18 01:09:41] El archivo no ha cambiado de tamaño desde la última verificación.
[2026-07-18 03:07:47] El archivo no ha cambiado de tamaño desde la última verificación.
[2026-07-18 04:43:39] El archivo no ha cambiado de tamaño desde la última verificación.
[2026-07-18 05:50:04] El archivo no ha cambiado de tamaño desde la última verificación.
[2026-07-18 06:40:15] El archivo no ha cambiado de tamaño desde la última verificación.
[2026-07-18 07:38:28] El archivo no ha cambiado de tamaño desde la última verificación.
[2026-07-18 09:08:01] El archivo no ha cambiado de tamaño desde la última verificación.
[2026-07-18 10:13:06] El archivo no ha cambiado de tamaño desde la última verificación.
[2026-07-18 11:12:12] El archivo no ha cambiado de tamaño desde la última verificación.
[2026-07-18 12:15:33] El archivo no ha cambiado de tamaño desde la última verificación.
[2026-07-18 13:11:05] El archivo no ha cambiado de tamaño desde la última verificación.
[2026-07-18 14:32:18] El archivo no ha cambiado de tamaño desde la última verificación.
[2026-07-18 15:24:50] El archivo no ha cambiado de tamaño desde la última verificación.
[2026-07-18 16:13:35] El archivo no ha cambiado de tamaño desde la última verificación.
[2026-07-18 17:09:12] El archivo no ha cambiado de tamaño desde la última verificación.
[2026-07-18 18:09:49] El archivo no ha cambiado de tamaño desde la última verificación.
[2026-07-18 19:09:48] El archivo no ha cambiado de tamaño desde la última verificación.
[2026-07-18 22:53:42] El archivo no ha cambiado de tamaño desde la última verificación.
[2026-07-19 01:26:23] El archivo no ha cambiado de tamaño desde la última verificación.
[2026-07-19 03:42:59] El archivo no ha cambiado de tamaño desde la última verificación.
[2026-07-19 05:15:59] El archivo no ha cambiado de tamaño desde la última verificación.
[2026-07-19 06:33:40] El archivo no ha cambiado de tamaño desde la última verificación.
[2026-07-19 07:32:09] El archivo no ha cambiado de tamaño desde la última verificación.
[2026-07-19 09:07:42] El archivo no ha cambiado de tamaño desde la última verificación.
[2026-07-19 10:13:20] El archivo no ha cambiado de tamaño desde la última verificación.
[2026-07-19 11:12:45] El archivo no ha cambiado de tamaño desde la última verificación.
[2026-07-19 12:17:50] El archivo no ha cambiado de tamaño desde la última verificación.
[2026-07-19 13:12:38] El archivo no ha cambiado de tamaño desde la última verificación.
[2026-07-19 14:33:53] El archivo no ha cambiado de tamaño desde la última verificación.
[2026-07-19 15:26:48] El archivo no ha cambiado de tamaño desde la última verificación.
[2026-07-19 16:26:11] El archivo no ha cambiado de tamaño desde la última verificación.
[2026-07-19 17:26:39] El archivo no ha cambiado de tamaño desde la última verificación.
[2026-07-19 18:30:01] El archivo no ha cambiado de tamaño desde la última verificación.
[2026-07-19 20:07:53] El archivo no ha cambiado de tamaño desde la última verificación.
[2026-07-19 23:50:13] El archivo no ha cambiado de tamaño desde la última verificación.
[2026-07-20 02:48:31] El archivo no ha cambiado de tamaño desde la última verificación.
[2026-07-20 05:35:31] El archivo no ha cambiado de tamaño desde la última verificación.
[2026-07-20 07:37:43] El archivo no ha cambiado de tamaño desde la última verificación.
[2026-07-20 09:56:14] El archivo no ha cambiado de tamaño desde la última verificación.
[2026-07-20 11:25:16] El archivo no ha cambiado de tamaño desde la última verificación.
[2026-07-20 13:28:28] El archivo no ha cambiado de tamaño desde la última verificación.
[2026-07-20 15:08:14] El archivo no ha cambiado de tamaño desde la última verificación.
[2026-07-20 16:30:57] El archivo no ha cambiado de tamaño desde la última verificación.
[2026-07-20 17:32:13] El archivo no ha cambiado de tamaño desde la última verificación.
[2026-07-20 18:34:57] El archivo no ha cambiado de tamaño desde la última verificación.
[2026-07-20 20:04:00] El archivo no ha cambiado de tamaño desde la última verificación.
[2026-07-20 23:26:25] El archivo no ha cambiado de tamaño desde la última verificación.
[2026-07-21 02:09:28] El archivo no ha cambiado de tamaño desde la última verificación.
[2026-07-21 04:39:11] El archivo no ha cambiado de tamaño desde la última verificación.
[2026-07-21 06:28:54] El archivo no ha cambiado de tamaño desde la última verificación.
[2026-07-21 07:58:19] El archivo no ha cambiado de tamaño desde la última verificación.
[2026-07-21 10:09:50] Intento 1: Fallo en la conexión (Remote end closed connection without response).
[2026-07-21 10:09:57] El archivo no ha cambiado de tamaño desde la última verificación.
[2026-07-21 11:40:43] El archivo no ha cambiado de tamaño desde la última verificación.
[2026-07-21 12:59:23] El archivo no ha cambiado de tamaño desde la última verificación.
[2026-07-21 14:44:30] El archivo no ha cambiado de tamaño desde la última verificación.
[2026-07-21 15:50:57] El archivo no ha cambiado de tamaño desde la última verificación.
[2026-07-21 16:52:14] El archivo no ha cambiado de tamaño desde la última verificación.
[2026-07-21 17:45:47] El archivo no ha cambiado de tamaño desde la última verificación.
[2026-07-21 18:43:33] El archivo no ha cambiado de tamaño desde la última verificación.
[2026-07-21 20:09:59] El archivo no ha cambiado de tamaño desde la última verificación.
[2026-07-21 23:33:46] El archivo no ha cambiado de tamaño desde la última verificación.
[2026-07-22 02:17:26] El archivo no ha cambiado de tamaño desde la última verificación.
[2026-07-22 04:42:46] El archivo no ha cambiado de tamaño desde la última verificación.
[2026-07-22 06:31:13] El archivo no ha cambiado de tamaño desde la última verificación.
[2026-07-22 08:06:45] El archivo no ha cambiado de tamaño desde la última verificación.
[2026-07-22 10:15:14] El archivo no ha cambiado de tamaño desde la última verificación.
[2026-07-22 11:51:48] El archivo no ha cambiado de tamaño desde la última verificación.
[2026-07-22 13:02:15] El archivo no ha cambiado de tamaño desde la última verificación.
[2026-07-22 14:41:47] El archivo no ha cambiado de tamaño desde la última verificación.
[2026-07-22 15:45:05] El archivo no ha cambiado de tamaño desde la última verificación.
[2026-07-22 16:52:49] El archivo no ha cambiado de tamaño desde la última verificación.
[2026-07-22 17:45:48] El archivo no ha cambiado de tamaño desde la última verificación.
[2026-07-22 18:45:46] El archivo no ha cambiado de tamaño desde la última verificación.
[2026-07-22 20:16:57] El archivo no ha cambiado de tamaño desde la última verificación.
[2026-07-22 23:40:46] El archivo no ha cambiado de tamaño desde la última verificación.
[2026-07-23 02:19:31] El archivo no ha cambiado de tamaño desde la última verificación.
[2026-07-23 04:42:38] El archivo no ha cambiado de tamaño desde la última verificación.
[2026-07-23 06:33:57] El archivo no ha cambiado de tamaño desde la última verificación.
[2026-07-23 08:10:25] El archivo no ha cambiado de tamaño desde la última verificación.
[2026-07-23 10:25:02] El archivo no ha cambiado de tamaño desde la última verificación.
[2026-07-23 11:57:12] El archivo no ha cambiado de tamaño desde la última verificación.
[2026-07-23 13:16:22] El archivo no ha cambiado de tamaño desde la última verificación.
[2026-07-23 14:50:04] El archivo no ha cambiado de tamaño desde la última verificación.
[2026-07-23 15:47:10] El archivo no ha cambiado de tamaño desde la última verificación.
[2026-07-23 16:48:44] El archivo no ha cambiado de tamaño desde la última verificación.
[2026-07-23 17:42:20] El archivo no ha cambiado de tamaño desde la última verificación.
[2026-07-23 18:41:25] El archivo no ha cambiado de tamaño desde la última verificación.
[2026-07-23 20:10:42] El archivo no ha cambiado de tamaño desde la última verificación.
[2026-07-23 23:32:51] El archivo no ha cambiado de tamaño desde la última verificación.
[2026-07-24 02:14:02] El archivo no ha cambiado de tamaño desde la última verificación.
[2026-07-24 04:36:50] El archivo no ha cambiado de tamaño desde la última verificación.
[2026-07-24 06:22:16] El archivo no ha cambiado de tamaño desde la última verificación.
[2026-07-24 07:53:31] El archivo no ha cambiado de tamaño desde la última verificación.
[2026-07-24 09:50:16] El archivo no ha cambiado de tamaño desde la última verificación.
[2026-07-24 12:51:50] El archivo no ha cambiado de tamaño desde la última verificación.
[2026-07-24 14:12:22] El archivo no ha cambiado de tamaño desde la última verificación.
[2026-07-24 15:41:17] El archivo no ha cambiado de tamaño desde la última verificación.
[2026-07-24 16:45:38] El archivo no ha cambiado de tamaño desde la última verificación.
[2026-07-24 17:45:29] El archivo no ha cambiado de tamaño desde la última verificación.
[2026-07-24 18:46:51] El archivo no ha cambiado de tamaño desde la última verificación.
[2026-07-24 20:14:56] El archivo no ha cambiado de tamaño desde la última verificación.
[2026-07-24 23:31:56] El archivo no ha cambiado de tamaño desde la última verificación.
[2026-07-25 01:58:34] El archivo no ha cambiado de tamaño desde la última verificación.
[2026-07-25 04:05:49] El archivo no ha cambiado de tamaño desde la última verificación.
[2026-07-25 05:41:37] El archivo no ha cambiado de tamaño desde la última verificación.
[2026-07-25 06:49:08] El archivo no ha cambiado de tamaño desde la última verificación.
[2026-07-25 07:51:05] El archivo no ha cambiado de tamaño desde la última verificación.
[2026-07-25 09:25:26] El archivo no ha cambiado de tamaño desde la última verificación.
[2026-07-25 10:39:46] El archivo no ha cambiado de tamaño desde la última verificación.
[2026-07-25 11:34:55] El archivo no ha cambiado de tamaño desde la última verificación.
[2026-07-25 12:37:15] El archivo no ha cambiado de tamaño desde la última verificación.
[2026-07-25 13:37:26] El archivo no ha cambiado de tamaño desde la última verificación.
[2026-07-25 14:53:56] El archivo no ha cambiado de tamaño desde la última verificación.
[2026-07-25 15:46:12] El archivo no ha cambiado de tamaño desde la última verificación.
[2026-07-25 16:39:34] El archivo no ha cambiado de tamaño desde la última verificación.
[2026-07-25 17:37:16] El archivo no ha cambiado de tamaño desde la última verificación.
[2026-07-25 18:41:17] El archivo no ha cambiado de tamaño desde la última verificación.
[2026-07-25 20:15:20] El archivo no ha cambiado de tamaño desde la última verificación.
[2026-07-25 23:46:21] El archivo no ha cambiado de tamaño desde la última verificación.
[2026-07-26 02:26:24] El archivo no ha cambiado de tamaño desde la última verificación.
[2026-07-26 04:34:01] El archivo no ha cambiado de tamaño desde la última verificación.
[2026-07-26 06:06:06] El archivo no ha cambiado de tamaño desde la última verificación.
[2026-07-26 07:13:48] El archivo no ha cambiado de tamaño desde la última verificación.
[2026-07-26 09:00:16] El archivo no ha cambiado de tamaño desde la última verificación.
[2026-07-26 10:13:31] El archivo no ha cambiado de tamaño desde la última verificación.
[2026-07-26 11:15:41] El archivo no ha cambiado de tamaño desde la última verificación.
[2026-07-26 12:27:50] El archivo no ha cambiado de tamaño desde la última verificación.
[2026-07-26 13:33:50] El archivo no ha cambiado de tamaño desde la última verificación.
[2026-07-26 14:47:58] El archivo no ha cambiado de tamaño desde la última verificación.
[2026-07-26 15:40:44] El archivo no ha cambiado de tamaño desde la última verificación.
[2026-07-26 16:40:22] El archivo no ha cambiado de tamaño desde la última verificación.
[2026-07-26 17:41:36] El archivo no ha cambiado de tamaño desde la última verificación.
[2026-07-26 18:42:00] El archivo no ha cambiado de tamaño desde la última verificación.
[2026-07-26 20:19:26] El archivo no ha cambiado de tamaño desde la última verificación.
[2026-07-26 23:57:25] El archivo no ha cambiado de tamaño desde la última verificación.
[2026-07-27 03:36:17] El archivo no ha cambiado de tamaño desde la última verificación.
[2026-07-27 06:56:29] El archivo no ha cambiado de tamaño desde la última verificación.
[2026-07-27 09:42:25] El archivo no ha cambiado de tamaño desde la última verificación.
[2026-07-27 11:49:46] El archivo no ha cambiado de tamaño desde la última verificación.
[2026-07-27 13:16:00] El archivo no ha cambiado de tamaño desde la última verificación.
[2026-07-27 14:59:09] El archivo no ha cambiado de tamaño desde la última verificación.
[2026-07-27 16:19:39] El archivo no ha cambiado de tamaño desde la última verificación.
[2026-07-27 17:30:56] El archivo no ha cambiado de tamaño desde la última verificación.
[2026-07-27 18:39:06] El archivo no ha cambiado de tamaño desde la última verificación.
[2026-07-27 20:02:38] El archivo no ha cambiado de tamaño desde la última verificación.
[2026-07-27 23:20:43] El archivo no ha cambiado de tamaño desde la última verificación.
[2026-07-28 02:06:23] El archivo no ha cambiado de tamaño desde la última verificación.
[2026-07-28 04:44:38] El archivo no ha cambiado de tamaño desde la última verificación.
[2026-07-28 06:47:13] El archivo no ha cambiado de tamaño desde la última verificación.
[2026-07-28 08:21:25] El archivo no ha cambiado de tamaño desde la última verificación.
[2026-07-28 10:40:28] El archivo no ha cambiado de tamaño desde la última verificación.
[2026-07-28 12:09:13] El archivo no ha cambiado de tamaño desde la última verificación.
[2026-07-28 13:44:54] El archivo no ha cambiado de tamaño desde la última verificación.
[2026-07-28 15:07:41] El archivo no ha cambiado de tamaño desde la última verificación.
[2026-07-28 16:21:01] El archivo no ha cambiado de tamaño desde la última verificación.
[2026-07-28 17:30:19] El archivo no ha cambiado de tamaño desde la última verificación.
[2026-07-28 18:33:05] El archivo no ha cambiado de tamaño desde la última verificación.
[2026-07-28 20:04:04] El archivo no ha cambiado de tamaño desde la última verificación.
[2026-07-28 23:25:57] El archivo no ha cambiado de tamaño desde la última verificación.
[2026-07-29 02:19:10] El archivo no ha cambiado de tamaño desde la última verificación.
[2026-07-29 05:01:36] El archivo no ha cambiado de tamaño desde la última verificación.
[2026-07-29 07:11:28] El archivo no ha cambiado de tamaño desde la última verificación.
[2026-07-29 09:32:02] El archivo no ha cambiado de tamaño desde la última verificación.
[2026-07-29 11:04:58] El archivo no ha cambiado de tamaño desde la última verificación.
[2026-07-29 12:33:20] El archivo no ha cambiado de tamaño desde la última verificación.
[2026-07-29 13:34:43] El archivo no ha cambiado de tamaño desde la última verificación.
[2026-07-29 14:56:12] El archivo no ha cambiado de tamaño desde la última verificación.
[2026-07-29 15:58:35] El archivo no ha cambiado de tamaño desde la última verificación.
[2026-07-29 17:06:37] El archivo no ha cambiado de tamaño desde la última verificación.
[2026-07-29 18:12:02] El archivo no ha cambiado de tamaño desde la última verificación.
[2026-07-29 19:12:11] El archivo no ha cambiado de tamaño desde la última verificación.
[2026-07-29 22:31:10] El archivo no ha cambiado de tamaño desde la última verificación.
[2026-07-30 01:09:36] El archivo no ha cambiado de tamaño desde la última verificación.
[2026-07-30 03:49:11] El archivo no ha cambiado de tamaño desde la última verificación.
[2026-07-30 05:54:27] El archivo no ha cambiado de tamaño desde la última verificación.
[2026-07-30 07:28:10] El archivo no ha cambiado de tamaño desde la última verificación.
[2026-07-30 09:51:13] El archivo no ha cambiado de tamaño desde la última verificación.
[2026-07-30 11:19:35] El archivo no ha cambiado de tamaño desde la última verificación.
[2026-07-30 12:53:51] El archivo no ha cambiado de tamaño desde la última verificación.
[2026-07-30 14:18:25] El archivo no ha cambiado de tamaño desde la última verificación.
[2026-07-30 15:38:32] El archivo no ha cambiado de tamaño desde la última verificación.
[2026-07-30 16:48:20] El archivo no ha cambiado de tamaño desde la última verificación.
[2026-07-30 17:51:33] El archivo no ha cambiado de tamaño desde la última verificación.
[2026-07-30 18:52:59] El archivo no ha cambiado de tamaño desde la última verificación.
[2026-07-30 21:07:55] El archivo no ha cambiado de tamaño desde la última verificación.
[2026-07-31 00:44:50] El archivo no ha cambiado de tamaño desde la última verificación.
[2026-07-31 03:22:07] El archivo no ha cambiado de tamaño desde la última verificación.
[2026-07-31 06:03:51] El archivo no ha cambiado de tamaño desde la última verificación.
[2026-07-31 08:04:15] El archivo no ha cambiado de tamaño desde la última verificación.
[2026-07-31 10:27:41] Intento 1: Fallo en la conexión (Remote end closed connection without response).
[2026-07-31 10:27:47] El archivo no ha cambiado de tamaño desde la última verificación.
[2026-07-31 12:06:41] El archivo no ha cambiado de tamaño desde la última verificación.
[2026-07-31 13:43:01] El archivo no ha cambiado de tamaño desde la última verificación.
[2026-07-31 15:10:24] El archivo no ha cambiado de tamaño desde la última verificación.
[2026-07-31 16:29:39] El archivo no ha cambiado de tamaño desde la última verificación.
[2026-07-31 17:34:35] El archivo no ha cambiado de tamaño desde la última verificación.
[2026-07-31 18:37:48] El archivo no ha cambiado de tamaño desde la última verificación.
[2026-07-31 20:12:30] El archivo no ha cambiado de tamaño desde la última verificación.
[2026-07-31 23:36:58] El archivo no ha cambiado de tamaño desde la última verificación.
[2026-08-01 02:12:43] El archivo no ha cambiado de tamaño desde la última verificación.
[2026-08-01 04:22:39] El archivo no ha cambiado de tamaño desde la última verificación.
[2026-08-01 05:55:16] El archivo no ha cambiado de tamaño desde la última verificación.
[2026-08-01 07:01:43] El archivo no ha cambiado de tamaño desde la última verificación.
[2026-08-01 08:46:56] El archivo no ha cambiado de tamaño desde la última verificación.
[2026-08-01 09:48:38] El archivo no ha cambiado de tamaño desde la última verificación.
[2026-08-01 10:46:25] El archivo no ha cambiado de tamaño desde la última verificación.
[2026-08-01 11:41:26] El archivo no ha cambiado de tamaño desde la última verificación.
[2026-08-01 12:43:40] El archivo no ha cambiado de tamaño desde la última verificación.
[2026-08-01 13:43:16] El archivo no ha cambiado de tamaño desde la última verificación.
[2026-08-01 14:58:09] El archivo no ha cambiado de tamaño desde la última verificación.
[2026-08-01 16:02:18] El archivo no ha cambiado de tamaño desde la última verificación.
[2026-08-01 17:05:46] El archivo no ha cambiado de tamaño desde la última verificación.
[2026-08-01 18:07:39] El archivo no ha cambiado de tamaño desde la última verificación.
[2026-08-01 19:09:42] El archivo no ha cambiado de tamaño desde la última verificación.
[2026-08-01 22:51:53] El archivo no ha cambiado de tamaño desde la última verificación.
[2026-08-02 01:26:02] El archivo no ha cambiado de tamaño desde la última verificación.
[2026-08-02 03:54:54] El archivo no ha cambiado de tamaño desde la última verificación.
[2026-08-02 05:40:01] El archivo no ha cambiado de tamaño desde la última verificación.
[2026-08-02 06:45:11] El archivo no ha cambiado de tamaño desde la última verificación.
[2026-08-02 07:43:24] El archivo no ha cambiado de tamaño desde la última verificación.
[2026-08-02 09:16:23] El archivo no ha cambiado de tamaño desde la última verificación.
[2026-08-02 10:31:44] El archivo no ha cambiado de tamaño desde la última verificación.
[2026-08-02 11:31:47] El archivo no ha cambiado de tamaño desde la última verificación.
[2026-08-02 12:37:32] El archivo no ha cambiado de tamaño desde la última verificación.
[2026-08-02 13:39:05] El archivo no ha cambiado de tamaño desde la última verificación.
[2026-08-02 14:52:43] El archivo no ha cambiado de tamaño desde la última verificación.
[2026-08-02 15:43:58] El archivo no ha cambiado de tamaño desde la última verificación.
[2026-08-02 16:39:08] El archivo no ha cambiado de tamaño desde la última verificación.
[2026-08-02 17:39:09] El archivo no ha cambiado de tamaño desde la última verificación.
[2026-08-02 18:41:32] El archivo no ha cambiado de tamaño desde la última verificación.
[2026-08-02 20:16:01] El archivo no ha cambiado de tamaño desde la última verificación.
[2026-08-02 23:51:41] El archivo no ha cambiado de tamaño desde la última verificación.
[2026-08-03 03:20:22] El archivo no ha cambiado de tamaño desde la última verificación.
[2026-08-03 06:50:57] El archivo no ha cambiado de tamaño desde la última verificación.
[2026-08-03 09:09:58] El archivo no ha cambiado de tamaño desde la última verificación.
[2026-08-03 11:40:24] El archivo no ha cambiado de tamaño desde la última verificación.
[2026-08-03 13:26:21] El archivo no ha cambiado de tamaño desde la última verificación.
[2026-08-03 15:13:00] El archivo no ha cambiado de tamaño desde la última verificación.
[2026-08-03 16:31:20] El archivo no ha cambiado de tamaño desde la última verificación.
[2026-08-03 17:35:23] El archivo no ha cambiado de tamaño desde la última verificación.
[2026-08-03 18:43:46] El archivo no ha cambiado de tamaño desde la última verificación.
[2026-08-03 20:08:27] El archivo no ha cambiado de tamaño desde la última verificación.
[2026-08-03 23:29:15] El archivo no ha cambiado de tamaño desde la última verificación.
[2026-08-04 02:17:23] El archivo no ha cambiado de tamaño desde la última verificación.
[2026-08-04 05:02:45] El archivo no ha cambiado de tamaño desde la última verificación.
[2026-08-04 07:11:18] El archivo no ha cambiado de tamaño desde la última verificación.
[2026-08-04 09:40:00] El archivo no ha cambiado de tamaño desde la última verificación.
[2026-08-04 11:30:56] El archivo no ha cambiado de tamaño desde la última verificación.
[2026-08-04 13:13:54] El archivo no ha cambiado de tamaño desde la última verificación.
[2026-08-04 14:59:19] ¡Incremento detectado! Tamaño anterior: 48500802 bytes. Nuevo tamaño: 58450480 bytes.
[2026-08-04 14:59:19] Descargando el archivo actualizado...
[2026-08-04 15:00:07] Ejecutando script de cálculo y consolidación...
[2026-08-04 15:03:37] Error al ejecutar el script de cálculo: Traceback (most recent call last):
  File "/home/runner/work/MonitorSri-Web/MonitorSri-Web/procesador_sri.py", line 327, in <module>
    main()
  File "/home/runner/work/MonitorSri-Web/MonitorSri-Web/procesador_sri.py", line 221, in main
    df_2026 = load_and_clean_2026(args.input_dir)
  File "/home/runner/work/MonitorSri-Web/MonitorSri-Web/procesador_sri.py", line 186, in load_and_clean_2026
    return load_and_clean_generic(filepath, 2026)
  File "/home/runner/work/MonitorSri-Web/MonitorSri-Web/procesador_sri.py", line 144, in load_and_clean_generic
    raise KeyError(f"Columnas requeridas no encontradas en el archivo de {year}: {missing}. Columnas disponibles: {actual_cols}")
KeyError: "Columnas requeridas no encontradas en el archivo de 2026: ['CATEGORÍA', 'CODIGO DE VEHICULO', 'TIPO TRANSACCIÓN']. Columnas disponibles: ['ï»¿CATEGORÃ\\x8dA', 'CÃ\\x93DIGO DE VEHÃ\\x8dCULO', 'TIPO TRANSACCIÃ\\x93N', 'MARCA', 'MODELO', 'PAIS', 'AÃ\\x91O MODELO', 'CLASE', 'SUB CLASE', 'TIPO', 'AVALUO', 'FECHA PROCESO (DD/MM/AAAA)', 'TIPO SERVICIO', 'CILINDRAJE', 'TIPO COMBUSTIBLE', 'FECHA COMPRA  (DD/MM/AAAA)', 'CANTÃ\\x93N', 'COLOR 1', 'COLOR 2', 'PERSONA NATURAL - JURÃ\\x8dDICA']"

[2026-08-04 15:03:37] Enviando correo de notificación de error...
[2026-08-04 15:03:38] Correo de error enviado con éxito.
[2026-08-04 15:03:38] Enviando correo de notificación...
[2026-08-04 15:03:39] Correo enviado con éxito.
[2026-08-04 16:21:09] El archivo no ha cambiado de tamaño desde la última verificación.
[2026-08-04 17:32:33] El archivo no ha cambiado de tamaño desde la última verificación.
[2026-08-04 18:36:29] El archivo no ha cambiado de tamaño desde la última verificación.
[2026-08-04 20:01:53] El archivo no ha cambiado de tamaño desde la última verificación.
[2026-08-04 23:21:15] Intento 1: Fallo en la conexión (<urlopen error timed out>).
[2026-08-04 23:21:36] Intento 2: Fallo en la conexión (<urlopen error timed out>).
[2026-08-04 23:21:49] Intento 3: Fallo en la conexión (Remote end closed connection without response).
[2026-08-04 23:21:49] Monitoreo abortado: No se pudo obtener un tamaño de archivo válido (> 0 bytes) tras los reintentos.
[2026-08-05 02:08:00] El archivo no ha cambiado de tamaño desde la última verificación.
[2026-08-05 04:47:16] El archivo no ha cambiado de tamaño desde la última verificación.
[2026-08-05 06:47:31] El archivo no ha cambiado de tamaño desde la última verificación.
[2026-08-05 08:26:12] El archivo no ha cambiado de tamaño desde la última verificación.
[2026-08-05 10:38:35] El archivo no ha cambiado de tamaño desde la última verificación.
[2026-08-05 12:09:27] El archivo no ha cambiado de tamaño desde la última verificación.
[2026-08-05 13:50:26] El archivo no ha cambiado de tamaño desde la última verificación.
[2026-08-05 15:19:11] El archivo no ha cambiado de tamaño desde la última verificación.
[2026-08-05 16:38:21] El archivo no ha cambiado de tamaño desde la última verificación.
[2026-08-05 17:42:16] El archivo no ha cambiado de tamaño desde la última verificación.
[2026-08-05 18:40:06] El archivo no ha cambiado de tamaño desde la última verificación.
[2026-08-05 20:05:41] El archivo no ha cambiado de tamaño desde la última verificación.
[2026-08-05 23:27:07] El archivo no ha cambiado de tamaño desde la última verificación.
[2026-08-06 02:17:07] El archivo no ha cambiado de tamaño desde la última verificación.
[2026-08-06 05:02:59] El archivo no ha cambiado de tamaño desde la última verificación.
[2026-08-06 07:12:26] El archivo no ha cambiado de tamaño desde la última verificación.
[2026-08-06 09:36:05] El archivo no ha cambiado de tamaño desde la última verificación.
[2026-08-06 19:13:55] El archivo no ha cambiado de tamaño desde la última verificación.
[2026-08-06 22:18:11] El archivo no ha cambiado de tamaño desde la última verificación.
[2026-08-07 00:08:12] El archivo no ha cambiado de tamaño desde la última verificación.
[2026-08-07 01:17:25] El archivo no ha cambiado de tamaño desde la última verificación.
[2026-08-07 02:47:46] El archivo no ha cambiado de tamaño desde la última verificación.
[2026-08-07 03:41:39] El archivo no ha cambiado de tamaño desde la última verificación.
[2026-08-07 04:42:26] El archivo no ha cambiado de tamaño desde la última verificación.
[2026-08-07 05:35:40] El archivo no ha cambiado de tamaño desde la última verificación.
[2026-08-07 06:28:41] El archivo no ha cambiado de tamaño desde la última verificación.
[2026-08-07 07:24:02] El archivo no ha cambiado de tamaño desde la última verificación.
[2026-08-07 08:48:06] El archivo no ha cambiado de tamaño desde la última verificación.
[2026-08-07 09:41:32] El archivo no ha cambiado de tamaño desde la última verificación.
[2026-08-07 10:37:19] El archivo no ha cambiado de tamaño desde la última verificación.
[2026-08-07 11:32:05] El archivo no ha cambiado de tamaño desde la última verificación.
[2026-08-07 12:28:24] El archivo no ha cambiado de tamaño desde la última verificación.
[2026-08-07 13:24:40] El archivo no ha cambiado de tamaño desde la última verificación.
[2026-08-07 14:30:33] El archivo no ha cambiado de tamaño desde la última verificación.
[2026-08-07 15:09:29] El archivo no ha cambiado de tamaño desde la última verificación.
[2026-08-07 15:57:45] El archivo no ha cambiado de tamaño desde la última verificación.
[2026-08-07 16:46:02] El archivo no ha cambiado de tamaño desde la última verificación.
[2026-08-07 17:20:23] El archivo no ha cambiado de tamaño desde la última verificación.
[2026-08-07 18:00:28] El archivo no ha cambiado de tamaño desde la última verificación.
[2026-08-07 18:41:31] El archivo no ha cambiado de tamaño desde la última verificación.
[2026-08-07 19:30:51] El archivo no ha cambiado de tamaño desde la última verificación.
[2026-08-07 21:30:35] El archivo no ha cambiado de tamaño desde la última verificación.
[2026-08-07 22:53:10] El archivo no ha cambiado de tamaño desde la última verificación.
[2026-08-07 23:50:04] El archivo no ha cambiado de tamaño desde la última verificación.
[2026-08-08 00:31:56] El archivo no ha cambiado de tamaño desde la última verificación.
[2026-08-08 01:22:29] El archivo no ha cambiado de tamaño desde la última verificación.
[2026-08-08 02:27:40] El archivo no ha cambiado de tamaño desde la última verificación.
[2026-08-08 03:07:21] El archivo no ha cambiado de tamaño desde la última verificación.
[2026-08-08 03:57:29] El archivo no ha cambiado de tamaño desde la última verificación.
[2026-08-08 04:43:37] El archivo no ha cambiado de tamaño desde la última verificación.
[2026-08-08 05:14:18] El archivo no ha cambiado de tamaño desde la última verificación.
[2026-08-08 05:53:04] El archivo no ha cambiado de tamaño desde la última verificación.
[2026-08-08 06:22:01] El archivo no ha cambiado de tamaño desde la última verificación.
[2026-08-08 06:51:36] El archivo no ha cambiado de tamaño desde la última verificación.
[2026-08-08 07:24:52] El archivo no ha cambiado de tamaño desde la última verificación.
[2026-08-08 08:26:16] El archivo no ha cambiado de tamaño desde la última verificación.
[2026-08-08 09:06:45] El archivo no ha cambiado de tamaño desde la última verificación.
[2026-08-08 09:47:29] El archivo no ha cambiado de tamaño desde la última verificación.
[2026-08-08 10:13:55] El archivo no ha cambiado de tamaño desde la última verificación.
[2026-08-08 10:48:41] El archivo no ha cambiado de tamaño desde la última verificación.
[2026-08-08 11:14:51] El archivo no ha cambiado de tamaño desde la última verificación.
[2026-08-08 11:55:15] El archivo no ha cambiado de tamaño desde la última verificación.
[2026-08-08 12:29:38] El archivo no ha cambiado de tamaño desde la última verificación.
[2026-08-08 12:59:35] El archivo no ha cambiado de tamaño desde la última verificación.
[2026-08-08 13:51:24] El archivo no ha cambiado de tamaño desde la última verificación.
[2026-08-08 14:21:00] El archivo no ha cambiado de tamaño desde la última verificación.
[2026-08-08 14:49:09] El archivo no ha cambiado de tamaño desde la última verificación.
[2026-08-08 15:12:59] El archivo no ha cambiado de tamaño desde la última verificación.
[2026-08-08 15:50:14] El archivo no ha cambiado de tamaño desde la última verificación.
[2026-08-08 16:15:49] El archivo no ha cambiado de tamaño desde la última verificación.
[2026-08-08 16:49:13] El archivo no ha cambiado de tamaño desde la última verificación.
[2026-08-08 17:13:05] El archivo no ha cambiado de tamaño desde la última verificación.
[2026-08-08 17:49:09] El archivo no ha cambiado de tamaño desde la última verificación.
[2026-08-08 18:13:48] El archivo no ha cambiado de tamaño desde la última verificación.
[2026-08-08 18:47:26] El archivo no ha cambiado de tamaño desde la última verificación.
[2026-08-08 19:36:54] El archivo no ha cambiado de tamaño desde la última verificación.
[2026-08-08 21:49:56] El archivo no ha cambiado de tamaño desde la última verificación.
[2026-08-08 23:05:59] El archivo no ha cambiado de tamaño desde la última verificación.
[2026-08-09 00:16:15] El archivo no ha cambiado de tamaño desde la última verificación.
[2026-08-09 01:02:39] El archivo no ha cambiado de tamaño desde la última verificación.
[2026-08-09 02:10:11] El archivo no ha cambiado de tamaño desde la última verificación.
[2026-08-09 03:01:11] El archivo no ha cambiado de tamaño desde la última verificación.
[2026-08-09 03:55:29] El archivo no ha cambiado de tamaño desde la última verificación.
[2026-08-09 04:39:27] El archivo no ha cambiado de tamaño desde la última verificación.
[2026-08-09 05:15:27] El archivo no ha cambiado de tamaño desde la última verificación.
[2026-08-09 05:55:33] El archivo no ha cambiado de tamaño desde la última verificación.
[2026-08-09 06:29:17] El archivo no ha cambiado de tamaño desde la última verificación.
[2026-08-09 06:57:38] El archivo no ha cambiado de tamaño desde la última verificación.
[2026-08-09 08:04:03] El archivo no ha cambiado de tamaño desde la última verificación.
[2026-08-09 08:55:40] El archivo no ha cambiado de tamaño desde la última verificación.
[2026-08-09 09:35:00] El archivo no ha cambiado de tamaño desde la última verificación.
[2026-08-09 10:04:42] El archivo no ha cambiado de tamaño desde la última verificación.
[2026-08-09 10:42:50] El archivo no ha cambiado de tamaño desde la última verificación.
[2026-08-09 11:13:04] El archivo no ha cambiado de tamaño desde la última verificación.
[2026-08-09 11:56:16] El archivo no ha cambiado de tamaño desde la última verificación.
[2026-08-09 12:33:20] El archivo no ha cambiado de tamaño desde la última verificación.
[2026-08-09 13:01:57] El archivo no ha cambiado de tamaño desde la última verificación.
[2026-08-09 13:54:57] El archivo no ha cambiado de tamaño desde la última verificación.
[2026-08-09 14:31:57] El archivo no ha cambiado de tamaño desde la última verificación.
[2026-08-09 15:00:36] El archivo no ha cambiado de tamaño desde la última verificación.
[2026-08-09 15:46:04] El archivo no ha cambiado de tamaño desde la última verificación.
[2026-08-09 16:16:20] El archivo no ha cambiado de tamaño desde la última verificación.
[2026-08-09 16:52:19] El archivo no ha cambiado de tamaño desde la última verificación.
[2026-08-09 17:21:06] El archivo no ha cambiado de tamaño desde la última verificación.
[2026-08-09 17:56:04] El archivo no ha cambiado de tamaño desde la última verificación.
[2026-08-09 18:32:35] El archivo no ha cambiado de tamaño desde la última verificación.
[2026-08-09 19:01:22] El archivo no ha cambiado de tamaño desde la última verificación.
[2026-08-09 21:28:03] El archivo no ha cambiado de tamaño desde la última verificación.
[2026-08-09 23:14:43] El archivo no ha cambiado de tamaño desde la última verificación.
[2026-08-10 00:47:03] El archivo no ha cambiado de tamaño desde la última verificación.
[2026-08-10 01:59:13] El archivo no ha cambiado de tamaño desde la última verificación.
[2026-08-10 03:45:51] El archivo no ha cambiado de tamaño desde la última verificación.
[2026-08-10 05:03:49] El archivo no ha cambiado de tamaño desde la última verificación.
[2026-08-10 06:17:50] El archivo no ha cambiado de tamaño desde la última verificación.
[2026-08-10 07:03:57] El archivo no ha cambiado de tamaño desde la última verificación.
[2026-08-10 08:37:38] El archivo no ha cambiado de tamaño desde la última verificación.
[2026-08-10 09:41:53] El archivo no ha cambiado de tamaño desde la última verificación.
[2026-08-10 10:39:40] El archivo no ha cambiado de tamaño desde la última verificación.
[2026-08-10 11:31:38] El archivo no ha cambiado de tamaño desde la última verificación.
[2026-08-10 12:30:34] El archivo no ha cambiado de tamaño desde la última verificación.
[2026-08-10 13:27:14] El archivo no ha cambiado de tamaño desde la última verificación.
[2026-08-10 14:32:48] El archivo no ha cambiado de tamaño desde la última verificación.
[2026-08-10 15:18:23] El archivo no ha cambiado de tamaño desde la última verificación.
[2026-08-10 16:05:50] El archivo no ha cambiado de tamaño desde la última verificación.
[2026-08-10 16:54:58] El archivo no ha cambiado de tamaño desde la última verificación.
[2026-08-10 17:35:44] El archivo no ha cambiado de tamaño desde la última verificación.
[2026-08-10 18:16:09] El archivo no ha cambiado de tamaño desde la última verificación.
[2026-08-10 18:53:25] El archivo no ha cambiado de tamaño desde la última verificación.
[2026-08-10 20:16:08] El archivo no ha cambiado de tamaño desde la última verificación.
[2026-08-10 22:12:32] El archivo no ha cambiado de tamaño desde la última verificación.
[2026-08-10 23:41:21] El archivo no ha cambiado de tamaño desde la última verificación.
[2026-08-11 00:41:55] El archivo no ha cambiado de tamaño desde la última verificación.
[2026-08-11 01:37:25] El archivo no ha cambiado de tamaño desde la última verificación.
[2026-08-11 02:52:04] El archivo no ha cambiado de tamaño desde la última verificación.
[2026-08-11 03:44:15] El archivo no ha cambiado de tamaño desde la última verificación.
[2026-08-11 04:43:50] El archivo no ha cambiado de tamaño desde la última verificación.
[2026-08-11 05:36:04] El archivo no ha cambiado de tamaño desde la última verificación.
[2026-08-11 06:26:44] El archivo no ha cambiado de tamaño desde la última verificación.
[2026-08-11 07:10:16] El archivo no ha cambiado de tamaño desde la última verificación.
[2026-08-11 08:42:16] El archivo no ha cambiado de tamaño desde la última verificación.
[2026-08-11 09:44:14] El archivo no ha cambiado de tamaño desde la última verificación.
[2026-08-11 10:42:56] El archivo no ha cambiado de tamaño desde la última verificación.
[2026-08-11 11:38:43] El archivo no ha cambiado de tamaño desde la última verificación.
[2026-08-11 12:40:09] El archivo no ha cambiado de tamaño desde la última verificación.
[2026-08-11 13:36:19] El archivo no ha cambiado de tamaño desde la última verificación.
[2026-08-11 14:42:57] El archivo no ha cambiado de tamaño desde la última verificación.
[2026-08-11 15:25:49] El archivo no ha cambiado de tamaño desde la última verificación.
[2026-08-11 16:22:10] El archivo no ha cambiado de tamaño desde la última verificación.
[2026-08-11 17:09:58] El archivo no ha cambiado de tamaño desde la última verificación.
[2026-08-11 18:03:01] El archivo no ha cambiado de tamaño desde la última verificación.
[2026-08-11 18:53:24] El archivo no ha cambiado de tamaño desde la última verificación.
[2026-08-11 20:24:02] El archivo no ha cambiado de tamaño desde la última verificación.
[2026-08-11 22:35:51] El archivo no ha cambiado de tamaño desde la última verificación.
[2026-08-12 00:17:10] El archivo no ha cambiado de tamaño desde la última verificación.
[2026-08-12 01:47:39] El archivo no ha cambiado de tamaño desde la última verificación.
[2026-08-12 03:06:05] El archivo no ha cambiado de tamaño desde la última verificación.
[2026-08-12 04:22:37] El archivo no ha cambiado de tamaño desde la última verificación.
[2026-08-12 05:33:07] El archivo no ha cambiado de tamaño desde la última verificación.
[2026-08-12 06:25:47] El archivo no ha cambiado de tamaño desde la última verificación.
[2026-08-12 07:10:17] El archivo no ha cambiado de tamaño desde la última verificación.
[2026-08-12 08:46:28] El archivo no ha cambiado de tamaño desde la última verificación.
[2026-08-12 09:45:57] El archivo no ha cambiado de tamaño desde la última verificación.
[2026-08-12 10:42:37] El archivo no ha cambiado de tamaño desde la última verificación.
[2026-08-12 11:37:58] El archivo no ha cambiado de tamaño desde la última verificación.
[2026-08-12 12:40:27] El archivo no ha cambiado de tamaño desde la última verificación.
[2026-08-12 13:36:24] El archivo no ha cambiado de tamaño desde la última verificación.
[2026-08-12 14:45:08] El archivo no ha cambiado de tamaño desde la última verificación.
[2026-08-12 15:25:24] El archivo no ha cambiado de tamaño desde la última verificación.
[2026-08-12 16:19:33] El archivo no ha cambiado de tamaño desde la última verificación.
[2026-08-12 17:07:01] El archivo no ha cambiado de tamaño desde la última verificación.
[2026-08-12 17:58:00] El archivo no ha cambiado de tamaño desde la última verificación.
[2026-08-12 18:50:16] El archivo no ha cambiado de tamaño desde la última verificación.
[2026-08-12 19:46:52] El archivo no ha cambiado de tamaño desde la última verificación.
[2026-08-12 22:17:48] El archivo no ha cambiado de tamaño desde la última verificación.
[2026-08-13 00:12:53] El archivo no ha cambiado de tamaño desde la última verificación.
[2026-08-13 01:47:38] El archivo no ha cambiado de tamaño desde la última verificación.
[2026-08-13 03:07:41] El archivo no ha cambiado de tamaño desde la última verificación.
[2026-08-13 04:32:08] El archivo no ha cambiado de tamaño desde la última verificación.
[2026-08-13 05:40:15] Intento 1: Fallo en la conexión (Remote end closed connection without response).
[2026-08-13 05:40:21] El archivo no ha cambiado de tamaño desde la última verificación.
[2026-08-13 06:28:08] El archivo no ha cambiado de tamaño desde la última verificación.
[2026-08-13 07:25:51] El archivo no ha cambiado de tamaño desde la última verificación.
[2026-08-13 08:57:17] El archivo no ha cambiado de tamaño desde la última verificación.
[2026-08-13 10:02:29] El archivo no ha cambiado de tamaño desde la última verificación.
[2026-08-13 11:06:09] El archivo no ha cambiado de tamaño desde la última verificación.
[2026-08-13 12:09:29] El archivo no ha cambiado de tamaño desde la última verificación.
[2026-08-13 13:06:47] El archivo no ha cambiado de tamaño desde la última verificación.
[2026-08-13 14:17:12] El archivo no ha cambiado de tamaño desde la última verificación.
[2026-08-13 15:01:27] El archivo no ha cambiado de tamaño desde la última verificación.
[2026-08-13 15:55:07] El archivo no ha cambiado de tamaño desde la última verificación.
[2026-08-13 16:43:00] El archivo no ha cambiado de tamaño desde la última verificación.
[2026-08-13 17:25:30] El archivo no ha cambiado de tamaño desde la última verificación.
[2026-08-13 18:11:41] El archivo no ha cambiado de tamaño desde la última verificación.
[2026-08-13 18:59:54] El archivo no ha cambiado de tamaño desde la última verificación.
[2026-08-13 21:35:29] El archivo no ha cambiado de tamaño desde la última verificación.
[2026-08-13 23:25:45] El archivo no ha cambiado de tamaño desde la última verificación.
[2026-08-14 00:56:19] El archivo no ha cambiado de tamaño desde la última verificación.
[2026-08-14 02:27:02] El archivo no ha cambiado de tamaño desde la última verificación.
[2026-08-14 03:46:01] El archivo no ha cambiado de tamaño desde la última verificación.
[2026-08-14 04:45:47] El archivo no ha cambiado de tamaño desde la última verificación.
[2026-08-14 05:42:32] El archivo no ha cambiado de tamaño desde la última verificación.
[2026-08-14 06:30:10] El archivo no ha cambiado de tamaño desde la última verificación.
[2026-08-14 07:24:28] El archivo no ha cambiado de tamaño desde la última verificación.
[2026-08-14 08:51:26] El archivo no ha cambiado de tamaño desde la última verificación.
[2026-08-14 09:43:33] El archivo no ha cambiado de tamaño desde la última verificación.
[2026-08-14 10:36:08] El archivo no ha cambiado de tamaño desde la última verificación.
[2026-08-14 11:29:24] El archivo no ha cambiado de tamaño desde la última verificación.
[2026-08-14 12:31:36] El archivo no ha cambiado de tamaño desde la última verificación.
[2026-08-14 13:27:55] El archivo no ha cambiado de tamaño desde la última verificación.
[2026-08-14 14:30:05] El archivo no ha cambiado de tamaño desde la última verificación.
[2026-08-14 15:05:33] El archivo no ha cambiado de tamaño desde la última verificación.
[2026-08-14 15:41:43] El archivo no ha cambiado de tamaño desde la última verificación.
[2026-08-14 16:03:12] El archivo no ha cambiado de tamaño desde la última verificación.
[2026-08-14 16:35:39] El archivo no ha cambiado de tamaño desde la última verificación.
[2026-08-14 16:55:38] El archivo no ha cambiado de tamaño desde la última verificación.
[2026-08-14 17:22:47] El archivo no ha cambiado de tamaño desde la última verificación.
[2026-08-14 17:46:56] El archivo no ha cambiado de tamaño desde la última verificación.
[2026-08-14 18:04:49] El archivo no ha cambiado de tamaño desde la última verificación.
[2026-08-14 18:32:37] El archivo no ha cambiado de tamaño desde la última verificación.
[2026-08-14 18:55:02] El archivo no ha cambiado de tamaño desde la última verificación.
[2026-08-14 20:09:15] El archivo no ha cambiado de tamaño desde la última verificación.
[2026-08-14 21:18:51] El archivo no ha cambiado de tamaño desde la última verificación.
[2026-08-14 22:08:27] El archivo no ha cambiado de tamaño desde la última verificación.
[2026-08-14 22:52:31] El archivo no ha cambiado de tamaño desde la última verificación.
[2026-08-14 23:21:36] El archivo no ha cambiado de tamaño desde la última verificación.
[2026-08-14 23:54:10] El archivo no ha cambiado de tamaño desde la última verificación.
[2026-08-15 00:20:44] El archivo no ha cambiado de tamaño desde la última verificación.
[2026-08-15 00:46:46] El archivo no ha cambiado de tamaño desde la última verificación.
[2026-08-15 01:12:56] El archivo no ha cambiado de tamaño desde la última verificación.
[2026-08-15 01:59:27] El archivo no ha cambiado de tamaño desde la última verificación.
[2026-08-15 02:36:45] El archivo no ha cambiado de tamaño desde la última verificación.
[2026-08-15 02:57:45] El archivo no ha cambiado de tamaño desde la última verificación.
[2026-08-15 03:36:09] El archivo no ha cambiado de tamaño desde la última verificación.
[2026-08-15 04:00:05] El archivo no ha cambiado de tamaño desde la última verificación.
[2026-08-15 04:34:06] El archivo no ha cambiado de tamaño desde la última verificación.
[2026-08-15 04:54:41] El archivo no ha cambiado de tamaño desde la última verificación.
[2026-08-15 05:20:17] El archivo no ha cambiado de tamaño desde la última verificación.
[2026-08-15 05:44:12] El archivo no ha cambiado de tamaño desde la última verificación.
[2026-08-15 06:00:49] El archivo no ha cambiado de tamaño desde la última verificación.
[2026-08-15 06:29:07] El archivo no ha cambiado de tamaño desde la última verificación.
[2026-08-15 06:48:36] El archivo no ha cambiado de tamaño desde la última verificación.
[2026-08-15 07:01:15] El archivo no ha cambiado de tamaño desde la última verificación.
[2026-08-15 07:54:31] El archivo no ha cambiado de tamaño desde la última verificación.
[2026-08-15 08:28:00] El archivo no ha cambiado de tamaño desde la última verificación.
[2026-08-15 08:53:26] El archivo no ha cambiado de tamaño desde la última verificación.
[2026-08-15 09:16:28] El archivo no ha cambiado de tamaño desde la última verificación.
[2026-08-15 09:42:37] El archivo no ha cambiado de tamaño desde la última verificación.
[2026-08-15 10:00:30] El archivo no ha cambiado de tamaño desde la última verificación.
[2026-08-15 10:29:36] El archivo no ha cambiado de tamaño desde la última verificación.
[2026-08-15 10:49:40] El archivo no ha cambiado de tamaño desde la última verificación.
[2026-08-15 11:07:19] El archivo no ha cambiado de tamaño desde la última verificación.
[2026-08-15 11:39:02] El archivo no ha cambiado de tamaño desde la última verificación.
[2026-08-15 11:58:53] El archivo no ha cambiado de tamaño desde la última verificación.
[2026-08-15 12:28:04] El archivo no ha cambiado de tamaño desde la última verificación.
[2026-08-15 12:48:51] El archivo no ha cambiado de tamaño desde la última verificación.
[2026-08-15 13:01:02] El archivo no ha cambiado de tamaño desde la última verificación.
[2026-08-15 13:41:50] El archivo no ha cambiado de tamaño desde la última verificación.
[2026-08-15 14:03:55] El archivo no ha cambiado de tamaño desde la última verificación.
[2026-08-15 14:30:11] El archivo no ha cambiado de tamaño desde la última verificación.
[2026-08-15 14:49:17] El archivo no ha cambiado de tamaño desde la última verificación.
[2026-08-15 15:01:30] El archivo no ha cambiado de tamaño desde la última verificación.
[2026-08-15 15:33:46] El archivo no ha cambiado de tamaño desde la última verificación.
[2026-08-15 15:54:33] El archivo no ha cambiado de tamaño desde la última verificación.
[2026-08-15 16:18:26] El archivo no ha cambiado de tamaño desde la última verificación.
[2026-08-15 16:39:56] El archivo no ha cambiado de tamaño desde la última verificación.
[2026-08-15 16:56:16] El archivo no ha cambiado de tamaño desde la última verificación.
[2026-08-15 17:24:16] El archivo no ha cambiado de tamaño desde la última verificación.
[2026-08-15 17:46:16] El archivo no ha cambiado de tamaño desde la última verificación.
[2026-08-15 18:01:16] El archivo no ha cambiado de tamaño desde la última verificación.
[2026-08-15 18:28:49] El archivo no ha cambiado de tamaño desde la última verificación.
[2026-08-15 18:48:25] El archivo no ha cambiado de tamaño desde la última verificación.
[2026-08-15 19:01:06] El archivo no ha cambiado de tamaño desde la última verificación.
[2026-08-15 20:52:52] El archivo no ha cambiado de tamaño desde la última verificación.
[2026-08-15 21:53:56] El archivo no ha cambiado de tamaño desde la última verificación.
[2026-08-15 22:44:16] El archivo no ha cambiado de tamaño desde la última verificación.
[2026-08-15 23:21:37] El archivo no ha cambiado de tamaño desde la última verificación.
[2026-08-15 23:57:35] El archivo no ha cambiado de tamaño desde la última verificación.
[2026-08-16 00:33:07] El archivo no ha cambiado de tamaño desde la última verificación.
[2026-08-16 00:57:38] El archivo no ha cambiado de tamaño desde la última verificación.
[2026-08-16 01:50:09] El archivo no ha cambiado de tamaño desde la última verificación.
[2026-08-16 02:20:03] El archivo no ha cambiado de tamaño desde la última verificación.
[2026-08-16 02:50:15] El archivo no ha cambiado de tamaño desde la última verificación.
[2026-08-16 03:12:37] El archivo no ha cambiado de tamaño desde la última verificación.
[2026-08-16 03:48:20] El archivo no ha cambiado de tamaño desde la última verificación.
[2026-08-16 04:12:49] El archivo no ha cambiado de tamaño desde la última verificación.
[2026-08-16 04:43:50] El archivo no ha cambiado de tamaño desde la última verificación.
[2026-08-16 05:01:13] El archivo no ha cambiado de tamaño desde la última verificación.
[2026-08-16 05:33:09] El archivo no ha cambiado de tamaño desde la última verificación.
[2026-08-16 05:54:23] El archivo no ha cambiado de tamaño desde la última verificación.
[2026-08-16 06:17:45] El archivo no ha cambiado de tamaño desde la última verificación.
[2026-08-16 06:39:36] El archivo no ha cambiado de tamaño desde la última verificación.
[2026-08-16 06:57:02] El archivo no ha cambiado de tamaño desde la última verificación.
[2026-08-16 07:47:40] El archivo no ha cambiado de tamaño desde la última verificación.
[2026-08-16 08:21:07] El archivo no ha cambiado de tamaño desde la última verificación.
[2026-08-16 08:49:34] El archivo no ha cambiado de tamaño desde la última verificación.
[2026-08-16 09:09:33] El archivo no ha cambiado de tamaño desde la última verificación.
[2026-08-16 09:37:38] El archivo no ha cambiado de tamaño desde la última verificación.
[2026-08-16 09:57:22] El archivo no ha cambiado de tamaño desde la última verificación.
[2026-08-16 10:26:35] El archivo no ha cambiado de tamaño desde la última verificación.
[2026-08-16 10:47:49] El archivo no ha cambiado de tamaño desde la última verificación.
[2026-08-16 11:01:32] El archivo no ha cambiado de tamaño desde la última verificación.
[2026-08-16 11:36:32] El archivo no ha cambiado de tamaño desde la última verificación.
[2026-08-16 11:57:42] El archivo no ha cambiado de tamaño desde la última verificación.
[2026-08-16 12:25:01] El archivo no ha cambiado de tamaño desde la última verificación.
[2026-08-16 12:44:51] El archivo no ha cambiado de tamaño desde la última verificación.
[2026-08-16 12:59:09] El archivo no ha cambiado de tamaño desde la última verificación.
[2026-08-16 13:39:31] El archivo no ha cambiado de tamaño desde la última verificación.
[2026-08-16 14:01:44] El archivo no ha cambiado de tamaño desde la última verificación.
[2026-08-16 14:28:39] El archivo no ha cambiado de tamaño desde la última verificación.
[2026-08-16 14:47:19] El archivo no ha cambiado de tamaño desde la última verificación.
[2026-08-16 14:59:41] El archivo no ha cambiado de tamaño desde la última verificación.
[2026-08-16 15:32:18] El archivo no ha cambiado de tamaño desde la última verificación.
[2026-08-16 15:53:19] El archivo no ha cambiado de tamaño desde la última verificación.
[2026-08-16 16:14:05] El archivo no ha cambiado de tamaño desde la última verificación.
[2026-08-16 16:36:51] El archivo no ha cambiado de tamaño desde la última verificación.
[2026-08-16 16:54:26] El archivo no ha cambiado de tamaño desde la última verificación.
[2026-08-16 17:17:17] El archivo no ha cambiado de tamaño desde la última verificación.
[2026-08-16 17:41:13] El archivo no ha cambiado de tamaño desde la última verificación.
[2026-08-16 17:58:10] El archivo no ha cambiado de tamaño desde la última verificación.
[2026-08-16 18:27:17] El archivo no ha cambiado de tamaño desde la última verificación.
[2026-08-16 18:46:50] El archivo no ha cambiado de tamaño desde la última verificación.
[2026-08-16 19:00:14] El archivo no ha cambiado de tamaño desde la última verificación.
[2026-08-16 20:49:54] El archivo no ha cambiado de tamaño desde la última verificación.
[2026-08-16 21:49:04] El archivo no ha cambiado de tamaño desde la última verificación.
[2026-08-16 22:36:43] El archivo no ha cambiado de tamaño desde la última verificación.
[2026-08-16 23:24:19] El archivo no ha cambiado de tamaño desde la última verificación.
[2026-08-17 00:07:50] El archivo no ha cambiado de tamaño desde la última verificación.
[2026-08-17 00:48:08] El archivo no ha cambiado de tamaño desde la última verificación.
[2026-08-17 01:23:08] El archivo no ha cambiado de tamaño desde la última verificación.
[2026-08-17 02:30:15] El archivo no ha cambiado de tamaño desde la última verificación.
[2026-08-17 03:09:23] El archivo no ha cambiado de tamaño desde la última verificación.
[2026-08-17 03:59:59] El archivo no ha cambiado de tamaño desde la última verificación.
[2026-08-17 04:51:58] El archivo no ha cambiado de tamaño desde la última verificación.
[2026-08-17 05:22:31] El archivo no ha cambiado de tamaño desde la última verificación.
[2026-08-17 05:54:57] El archivo no ha cambiado de tamaño desde la última verificación.
[2026-08-17 06:23:20] El archivo no ha cambiado de tamaño desde la última verificación.
[2026-08-17 06:48:48] El archivo no ha cambiado de tamaño desde la última verificación.
[2026-08-17 07:14:00] El archivo no ha cambiado de tamaño desde la última verificación.
[2026-08-17 08:08:54] El archivo no ha cambiado de tamaño desde la última verificación.
[2026-08-17 08:52:00] El archivo no ha cambiado de tamaño desde la última verificación.
[2026-08-17 09:18:09] El archivo no ha cambiado de tamaño desde la última verificación.
[2026-08-17 09:49:06] El archivo no ha cambiado de tamaño desde la última verificación.
[2026-08-17 10:12:09] El archivo no ha cambiado de tamaño desde la última verificación.
[2026-08-17 10:41:37] El archivo no ha cambiado de tamaño desde la última verificación.
[2026-08-17 11:00:04] El archivo no ha cambiado de tamaño desde la última verificación.
[2026-08-17 11:37:44] El archivo no ha cambiado de tamaño desde la última verificación.
[2026-08-17 12:01:20] El archivo no ha cambiado de tamaño desde la última verificación.
[2026-08-17 12:37:10] El archivo no ha cambiado de tamaño desde la última verificación.
[2026-08-17 13:01:29] El archivo no ha cambiado de tamaño desde la última verificación.
[2026-08-17 13:52:47] El archivo no ha cambiado de tamaño desde la última verificación.
[2026-08-17 14:22:02] El archivo no ha cambiado de tamaño desde la última verificación.
[2026-08-17 14:48:32] El archivo no ha cambiado de tamaño desde la última verificación.
[2026-08-17 15:10:33] El archivo no ha cambiado de tamaño desde la última verificación.
[2026-08-17 15:43:42] El archivo no ha cambiado de tamaño desde la última verificación.
[2026-08-17 16:06:47] El archivo no ha cambiado de tamaño desde la última verificación.
[2026-08-17 16:37:33] El archivo no ha cambiado de tamaño desde la última verificación.
[2026-08-17 16:57:55] El archivo no ha cambiado de tamaño desde la última verificación.
[2026-08-17 17:30:53] El archivo no ha cambiado de tamaño desde la última verificación.
[2026-08-17 17:54:00] El archivo no ha cambiado de tamaño desde la última verificación.
[2026-08-17 18:18:53] El archivo no ha cambiado de tamaño desde la última verificación.
[2026-08-17 18:41:43] El archivo no ha cambiado de tamaño desde la última verificación.
[2026-08-17 18:59:14] El archivo no ha cambiado de tamaño desde la última verificación.
[2026-08-17 20:44:17] El archivo no ha cambiado de tamaño desde la última verificación.
[2026-08-17 21:42:31] El archivo no ha cambiado de tamaño desde la última verificación.
[2026-08-17 22:28:27] El archivo no ha cambiado de tamaño desde la última verificación.
[2026-08-17 23:09:58] El archivo no ha cambiado de tamaño desde la última verificación.
[2026-08-17 23:51:22] El archivo no ha cambiado de tamaño desde la última verificación.
[2026-08-18 00:18:49] El archivo no ha cambiado de tamaño desde la última verificación.
[2026-08-18 00:49:58] El archivo no ha cambiado de tamaño desde la última verificación.
[2026-08-18 01:18:23] El archivo no ha cambiado de tamaño desde la última verificación.
[2026-08-18 02:10:16] El archivo no ha cambiado de tamaño desde la última verificación.
[2026-08-18 02:53:37] El archivo no ha cambiado de tamaño desde la última verificación.
[2026-08-18 03:30:21] El archivo no ha cambiado de tamaño desde la última verificación.
[2026-08-18 04:05:36] El archivo no ha cambiado de tamaño desde la última verificación.
[2026-08-18 04:45:54] El archivo no ha cambiado de tamaño desde la última verificación.
[2026-08-18 05:12:00] El archivo no ha cambiado de tamaño desde la última verificación.
[2026-08-18 05:47:37] El archivo no ha cambiado de tamaño desde la última verificación.
[2026-08-18 06:11:13] El archivo no ha cambiado de tamaño desde la última verificación.
[2026-08-18 06:41:12] El archivo no ha cambiado de tamaño desde la última verificación.
[2026-08-18 07:01:38] El archivo no ha cambiado de tamaño desde la última verificación.
[2026-08-18 08:02:45] El archivo no ha cambiado de tamaño desde la última verificación.
[2026-08-18 08:52:16] El archivo no ha cambiado de tamaño desde la última verificación.
[2026-08-18 09:23:59] El archivo no ha cambiado de tamaño desde la última verificación.
[2026-08-18 10:01:04] El archivo no ha cambiado de tamaño desde la última verificación.
[2026-08-18 10:39:54] El archivo no ha cambiado de tamaño desde la última verificación.
[2026-08-18 11:02:27] El archivo no ha cambiado de tamaño desde la última verificación.
[2026-08-18 11:43:55] El archivo no ha cambiado de tamaño desde la última verificación.
[2026-08-18 12:11:18] El archivo no ha cambiado de tamaño desde la última verificación.
[2026-08-18 12:43:37] El archivo no ha cambiado de tamaño desde la última verificación.
[2026-08-18 13:12:41] El archivo no ha cambiado de tamaño desde la última verificación.
[2026-08-18 13:57:51] El archivo no ha cambiado de tamaño desde la última verificación.
[2026-08-18 14:32:13] El archivo no ha cambiado de tamaño desde la última verificación.
[2026-08-18 14:52:28] El archivo no ha cambiado de tamaño desde la última verificación.
[2026-08-18 15:14:05] El archivo no ha cambiado de tamaño desde la última verificación.
[2026-08-18 15:42:30] El archivo no ha cambiado de tamaño desde la última verificación.
[2026-08-18 16:01:57] El archivo no ha cambiado de tamaño desde la última verificación.
[2026-08-18 16:33:21] El archivo no ha cambiado de tamaño desde la última verificación.
[2026-08-18 16:53:26] El archivo no ha cambiado de tamaño desde la última verificación.
[2026-08-18 17:16:59] El archivo no ha cambiado de tamaño desde la última verificación.
[2026-08-18 17:44:28] El archivo no ha cambiado de tamaño desde la última verificación.
[2026-08-18 18:02:53] El archivo no ha cambiado de tamaño desde la última verificación.
[2026-08-18 18:31:59] El archivo no ha cambiado de tamaño desde la última verificación.
[2026-08-18 18:53:07] El archivo no ha cambiado de tamaño desde la última verificación.
[2026-08-18 19:53:25] El archivo no ha cambiado de tamaño desde la última verificación.
[2026-08-18 21:16:05] El archivo no ha cambiado de tamaño desde la última verificación.
[2026-08-18 22:13:34] El archivo no ha cambiado de tamaño desde la última verificación.
[2026-08-18 23:01:38] El archivo no ha cambiado de tamaño desde la última verificación.
[2026-08-18 23:46:31] El archivo no ha cambiado de tamaño desde la última verificación.
[2026-08-19 00:16:15] El archivo no ha cambiado de tamaño desde la última verificación.
[2026-08-19 00:50:08] El archivo no ha cambiado de tamaño desde la última verificación.
[2026-08-19 01:19:24] El archivo no ha cambiado de tamaño desde la última verificación.
[2026-08-19 02:10:52] El archivo no ha cambiado de tamaño desde la última verificación.
[2026-08-19 02:54:04] El archivo no ha cambiado de tamaño desde la última verificación.
[2026-08-19 03:32:36] El archivo no ha cambiado de tamaño desde la última verificación.
[2026-08-19 04:07:43] El archivo no ha cambiado de tamaño desde la última verificación.
[2026-08-19 04:47:25] El archivo no ha cambiado de tamaño desde la última verificación.
[2026-08-19 05:12:54] El archivo no ha cambiado de tamaño desde la última verificación.
[2026-08-19 05:47:40] El archivo no ha cambiado de tamaño desde la última verificación.
[2026-08-19 06:10:53] El archivo no ha cambiado de tamaño desde la última verificación.
[2026-08-19 06:40:47] El archivo no ha cambiado de tamaño desde la última verificación.
[2026-08-19 07:01:01] El archivo no ha cambiado de tamaño desde la última verificación.
[2026-08-19 08:03:12] El archivo no ha cambiado de tamaño desde la última verificación.
[2026-08-19 08:52:56] El archivo no ha cambiado de tamaño desde la última verificación.
[2026-08-19 09:25:46] El archivo no ha cambiado de tamaño desde la última verificación.
[2026-08-19 10:02:05] El archivo no ha cambiado de tamaño desde la última verificación.
[2026-08-19 10:40:08] El archivo no ha cambiado de tamaño desde la última verificación.
[2026-08-19 11:03:14] El archivo no ha cambiado de tamaño desde la última verificación.
[2026-08-19 11:42:24] El archivo no ha cambiado de tamaño desde la última verificación.
[2026-08-19 12:04:50] El archivo no ha cambiado de tamaño desde la última verificación.
[2026-08-19 12:37:09] El archivo no ha cambiado de tamaño desde la última verificación.
[2026-08-19 12:57:30] El archivo no ha cambiado de tamaño desde la última verificación.
[2026-08-19 13:42:11] El archivo no ha cambiado de tamaño desde la última verificación.
[2026-08-19 14:11:31] El archivo no ha cambiado de tamaño desde la última verificación.
[2026-08-19 14:40:45] El archivo no ha cambiado de tamaño desde la última verificación.
[2026-08-19 14:59:29] El archivo no ha cambiado de tamaño desde la última verificación.
[2026-08-19 15:37:34] El archivo no ha cambiado de tamaño desde la última verificación.
[2026-08-19 16:00:33] El archivo no ha cambiado de tamaño desde la última verificación.
[2026-08-19 16:34:02] El archivo no ha cambiado de tamaño desde la última verificación.
[2026-08-19 16:56:21] El archivo no ha cambiado de tamaño desde la última verificación.
[2026-08-19 17:27:07] El archivo no ha cambiado de tamaño desde la última verificación.
[2026-08-19 17:52:34] El archivo no ha cambiado de tamaño desde la última verificación.
[2026-08-19 18:15:46] El archivo no ha cambiado de tamaño desde la última verificación.
[2026-08-19 18:41:06] El archivo no ha cambiado de tamaño desde la última verificación.
[2026-08-19 18:59:13] El archivo no ha cambiado de tamaño desde la última verificación.
[2026-08-19 20:44:35] El archivo no ha cambiado de tamaño desde la última verificación.
[2026-08-19 21:43:45] El archivo no ha cambiado de tamaño desde la última verificación.
[2026-08-19 22:31:50] El archivo no ha cambiado de tamaño desde la última verificación.
[2026-08-19 23:18:17] El archivo no ha cambiado de tamaño desde la última verificación.
[2026-08-19 23:58:00] El archivo no ha cambiado de tamaño desde la última verificación.
[2026-08-20 00:37:01] El archivo no ha cambiado de tamaño desde la última verificación.
[2026-08-20 01:01:41] El archivo no ha cambiado de tamaño desde la última verificación.
[2026-08-20 02:00:25] El archivo no ha cambiado de tamaño desde la última verificación.
[2026-08-20 02:49:44] El archivo no ha cambiado de tamaño desde la última verificación.
[2026-08-20 03:20:02] El archivo no ha cambiado de tamaño desde la última verificación.
[2026-08-20 04:01:09] El archivo no ha cambiado de tamaño desde la última verificación.
[2026-08-20 04:44:39] El archivo no ha cambiado de tamaño desde la última verificación.
[2026-08-20 05:13:50] El archivo no ha cambiado de tamaño desde la última verificación.
[2026-08-20 05:49:38] El archivo no ha cambiado de tamaño desde la última verificación.
[2026-08-20 06:13:38] El archivo no ha cambiado de tamaño desde la última verificación.
[2026-08-20 06:45:15] El archivo no ha cambiado de tamaño desde la última verificación.
[2026-08-20 07:15:33] El archivo no ha cambiado de tamaño desde la última verificación.
[2026-08-20 08:15:05] El archivo no ha cambiado de tamaño desde la última verificación.
[2026-08-20 09:02:52] El archivo no ha cambiado de tamaño desde la última verificación.
[2026-08-20 09:49:03] El archivo no ha cambiado de tamaño desde la última verificación.
[2026-08-20 10:20:08] El archivo no ha cambiado de tamaño desde la última verificación.
[2026-08-20 10:53:55] El archivo no ha cambiado de tamaño desde la última verificación.
[2026-08-20 11:29:55] El archivo no ha cambiado de tamaño desde la última verificación.
[2026-08-20 12:03:20] El archivo no ha cambiado de tamaño desde la última verificación.
[2026-08-20 12:40:03] El archivo no ha cambiado de tamaño desde la última verificación.
[2026-08-20 13:02:21] El archivo no ha cambiado de tamaño desde la última verificación.
[2026-08-20 13:54:16] El archivo no ha cambiado de tamaño desde la última verificación.
[2026-08-20 14:28:01] El archivo no ha cambiado de tamaño desde la última verificación.
[2026-08-20 14:57:16] El archivo no ha cambiado de tamaño desde la última verificación.
[2026-08-20 15:33:58] El archivo no ha cambiado de tamaño desde la última verificación.
[2026-08-20 16:00:20] El archivo no ha cambiado de tamaño desde la última verificación.
[2026-08-20 16:36:38] El archivo no ha cambiado de tamaño desde la última verificación.
[2026-08-20 16:59:37] El archivo no ha cambiado de tamaño desde la última verificación.
[2026-08-20 17:36:09] El archivo no ha cambiado de tamaño desde la última verificación.
[2026-08-20 17:59:58] El archivo no ha cambiado de tamaño desde la última verificación.
[2026-08-20 18:34:09] El archivo no ha cambiado de tamaño desde la última verificación.
[2026-08-20 18:55:49] El archivo no ha cambiado de tamaño desde la última verificación.
[2026-08-20 20:20:25] El archivo no ha cambiado de tamaño desde la última verificación.
[2026-08-20 21:38:39] El archivo no ha cambiado de tamaño desde la última verificación.
[2026-08-20 22:34:50] El archivo no ha cambiado de tamaño desde la última verificación.
[2026-08-20 23:20:51] El archivo no ha cambiado de tamaño desde la última verificación.
[2026-08-21 00:00:02] El archivo no ha cambiado de tamaño desde la última verificación.
[2026-08-21 00:40:20] El archivo no ha cambiado de tamaño desde la última verificación.
[2026-08-21 01:04:16] El archivo no ha cambiado de tamaño desde la última verificación.
[2026-08-21 02:03:40] El archivo no ha cambiado de tamaño desde la última verificación.
[2026-08-21 02:53:13] El archivo no ha cambiado de tamaño desde la última verificación.
[2026-08-21 03:33:12] El archivo no ha cambiado de tamaño desde la última verificación.
[2026-08-21 04:17:36] El archivo no ha cambiado de tamaño desde la última verificación.
[2026-08-21 04:55:03] El archivo no ha cambiado de tamaño desde la última verificación.
[2026-08-21 05:28:56] El archivo no ha cambiado de tamaño desde la última verificación.
[2026-08-21 05:59:28] El archivo no ha cambiado de tamaño desde la última verificación.
[2026-08-21 06:33:41] El archivo no ha cambiado de tamaño desde la última verificación.
[2026-08-21 06:57:27] El archivo no ha cambiado de tamaño desde la última verificación.
[2026-08-21 07:58:16] El archivo no ha cambiado de tamaño desde la última verificación.
[2026-08-21 08:50:58] El archivo no ha cambiado de tamaño desde la última verificación.
[2026-08-21 09:22:06] El archivo no ha cambiado de tamaño desde la última verificación.
[2026-08-21 10:00:41] El archivo no ha cambiado de tamaño desde la última verificación.
[2026-08-21 10:42:24] El archivo no ha cambiado de tamaño desde la última verificación.
[2026-08-21 11:11:37] El archivo no ha cambiado de tamaño desde la última verificación.
[2026-08-21 11:51:46] El archivo no ha cambiado de tamaño desde la última verificación.
[2026-08-21 12:19:47] El archivo no ha cambiado de tamaño desde la última verificación.
[2026-08-21 12:51:05] El archivo no ha cambiado de tamaño desde la última verificación.
[2026-08-21 13:19:46] El archivo no ha cambiado de tamaño desde la última verificación.
[2026-08-21 14:02:55] El archivo no ha cambiado de tamaño desde la última verificación.
[2026-08-21 14:32:45] El archivo no ha cambiado de tamaño desde la última verificación.
[2026-08-21 14:52:12] El archivo no ha cambiado de tamaño desde la última verificación.
[2026-08-21 15:15:54] El archivo no ha cambiado de tamaño desde la última verificación.
[2026-08-21 15:43:44] El archivo no ha cambiado de tamaño desde la última verificación.
[2026-08-21 16:03:14] El archivo no ha cambiado de tamaño desde la última verificación.
[2026-08-21 16:34:47] El archivo no ha cambiado de tamaño desde la última verificación.
[2026-08-21 16:56:51] El archivo no ha cambiado de tamaño desde la última verificación.
[2026-08-21 17:28:47] El archivo no ha cambiado de tamaño desde la última verificación.
[2026-08-21 17:53:20] El archivo no ha cambiado de tamaño desde la última verificación.
[2026-08-21 18:17:51] El archivo no ha cambiado de tamaño desde la última verificación.
[2026-08-21 18:43:00] El archivo no ha cambiado de tamaño desde la última verificación.
[2026-08-21 19:00:54] El archivo no ha cambiado de tamaño desde la última verificación.
[2026-08-21 20:44:59] El archivo no ha cambiado de tamaño desde la última verificación.
[2026-08-21 21:41:31] El archivo no ha cambiado de tamaño desde la última verificación.
[2026-08-21 22:25:56] El archivo no ha cambiado de tamaño desde la última verificación.
[2026-08-21 23:06:08] El archivo no ha cambiado de tamaño desde la última verificación.
[2026-08-21 23:45:59] El archivo no ha cambiado de tamaño desde la última verificación.
[2026-08-22 00:12:35] El archivo no ha cambiado de tamaño desde la última verificación.
[2026-08-22 00:44:06] El archivo no ha cambiado de tamaño desde la última verificación.
[2026-08-22 01:02:13] El archivo no ha cambiado de tamaño desde la última verificación.
[2026-08-22 01:55:02] El archivo no ha cambiado de tamaño desde la última verificación.
[2026-08-22 02:30:40] El archivo no ha cambiado de tamaño desde la última verificación.
[2026-08-22 02:56:32] El archivo no ha cambiado de tamaño desde la última verificación.
[2026-08-22 03:33:12] El archivo no ha cambiado de tamaño desde la última verificación.
[2026-08-22 04:00:12] El archivo no ha cambiado de tamaño desde la última verificación.
[2026-08-22 04:35:20] El archivo no ha cambiado de tamaño desde la última verificación.
[2026-08-22 04:55:56] El archivo no ha cambiado de tamaño desde la última verificación.
[2026-08-22 05:24:30] El archivo no ha cambiado de tamaño desde la última verificación.
[2026-08-22 05:48:27] El archivo no ha cambiado de tamaño desde la última verificación.
[2026-08-22 06:06:32] El archivo no ha cambiado de tamaño desde la última verificación.
[2026-08-22 06:32:43] El archivo no ha cambiado de tamaño desde la última verificación.
[2026-08-22 06:52:52] El archivo no ha cambiado de tamaño desde la última verificación.
[2026-08-22 07:24:01] El archivo no ha cambiado de tamaño desde la última verificación.
[2026-08-22 08:08:48] El archivo no ha cambiado de tamaño desde la última verificación.
[2026-08-22 08:43:45] El archivo no ha cambiado de tamaño desde la última verificación.
[2026-08-22 09:00:50] El archivo no ha cambiado de tamaño desde la última verificación.
[2026-08-22 09:30:51] El archivo no ha cambiado de tamaño desde la última verificación.
[2026-08-22 09:52:42] El archivo no ha cambiado de tamaño desde la última verificación.
[2026-08-22 10:13:17] El archivo no ha cambiado de tamaño desde la última verificación.
[2026-08-22 10:37:33] El archivo no ha cambiado de tamaño desde la última verificación.
[2026-08-22 10:55:17] El archivo no ha cambiado de tamaño desde la última verificación.
[2026-08-22 11:22:59] El archivo no ha cambiado de tamaño desde la última verificación.
[2026-08-22 11:47:57] El archivo no ha cambiado de tamaño desde la última verificación.
[2026-08-22 12:07:47] El archivo no ha cambiado de tamaño desde la última verificación.
[2026-08-22 12:33:53] El archivo no ha cambiado de tamaño desde la última verificación.
[2026-08-22 12:54:19] El archivo no ha cambiado de tamaño desde la última verificación.
[2026-08-22 13:24:54] El archivo no ha cambiado de tamaño desde la última verificación.
[2026-08-22 13:57:48] El archivo no ha cambiado de tamaño desde la última verificación.
[2026-08-22 14:27:23] El archivo no ha cambiado de tamaño desde la última verificación.
[2026-08-22 14:47:28] El archivo no ha cambiado de tamaño desde la última verificación.
[2026-08-22 15:01:04] El archivo no ha cambiado de tamaño desde la última verificación.
[2026-08-22 15:34:01] El archivo no ha cambiado de tamaño desde la última verificación.
[2026-08-22 15:55:14] El archivo no ha cambiado de tamaño desde la última verificación.
[2026-08-22 16:21:04] El archivo no ha cambiado de tamaño desde la última verificación.
[2026-08-22 16:42:04] El archivo no ha cambiado de tamaño desde la última verificación.
[2026-08-22 16:58:31] El archivo no ha cambiado de tamaño desde la última verificación.
[2026-08-22 17:30:04] El archivo no ha cambiado de tamaño desde la última verificación.
[2026-08-22 17:51:59] El archivo no ha cambiado de tamaño desde la última verificación.
[2026-08-22 18:12:01] El archivo no ha cambiado de tamaño desde la última verificación.
[2026-08-22 18:36:01] El archivo no ha cambiado de tamaño desde la última verificación.
[2026-08-22 18:54:45] El archivo no ha cambiado de tamaño desde la última verificación.
[2026-08-22 20:12:41] El archivo no ha cambiado de tamaño desde la última verificación.
[2026-08-22 21:37:43] El archivo no ha cambiado de tamaño desde la última verificación.
[2026-08-22 22:34:10] El archivo no ha cambiado de tamaño desde la última verificación.
[2026-08-22 23:19:50] El archivo no ha cambiado de tamaño desde la última verificación.
[2026-08-22 23:57:15] El archivo no ha cambiado de tamaño desde la última verificación.
[2026-08-23 00:33:21] El archivo no ha cambiado de tamaño desde la última verificación.
[2026-08-23 00:58:29] El archivo no ha cambiado de tamaño desde la última verificación.
[2026-08-23 01:53:52] El archivo no ha cambiado de tamaño desde la última verificación.
[2026-08-23 02:29:55] El archivo no ha cambiado de tamaño desde la última verificación.
[2026-08-23 02:58:00] El archivo no ha cambiado de tamaño desde la última verificación.
[2026-08-23 03:38:43] El archivo no ha cambiado de tamaño desde la última verificación.
[2026-08-23 04:03:08] El archivo no ha cambiado de tamaño desde la última verificación.
[2026-08-23 04:38:06] El archivo no ha cambiado de tamaño desde la última verificación.
[2026-08-23 04:58:41] El archivo no ha cambiado de tamaño desde la última verificación.
[2026-08-23 05:32:05] El archivo no ha cambiado de tamaño desde la última verificación.
[2026-08-23 05:54:40] El archivo no ha cambiado de tamaño desde la última verificación.
[2026-08-23 06:18:38] El archivo no ha cambiado de tamaño desde la última verificación.
[2026-08-23 06:40:40] El archivo no ha cambiado de tamaño desde la última verificación.
[2026-08-23 06:57:31] El archivo no ha cambiado de tamaño desde la última verificación.
[2026-08-23 07:50:43] El archivo no ha cambiado de tamaño desde la última verificación.
[2026-08-23 08:23:25] El archivo no ha cambiado de tamaño desde la última verificación.
[2026-08-23 08:52:29] El archivo no ha cambiado de tamaño desde la última verificación.
[2026-08-23 09:15:23] El archivo no ha cambiado de tamaño desde la última verificación.
[2026-08-23 09:43:32] El archivo no ha cambiado de tamaño desde la última verificación.
[2026-08-23 10:01:53] El archivo no ha cambiado de tamaño desde la última verificación.
[2026-08-23 10:32:07] El archivo no ha cambiado de tamaño desde la última verificación.
[2026-08-23 10:53:18] El archivo no ha cambiado de tamaño desde la última verificación.
[2026-08-23 11:17:32] El archivo no ha cambiado de tamaño desde la última verificación.
[2026-08-23 11:46:41] El archivo no ha cambiado de tamaño desde la última verificación.
[2026-08-23 12:07:52] El archivo no ha cambiado de tamaño desde la última verificación.
[2026-08-23 12:32:47] El archivo no ha cambiado de tamaño desde la última verificación.
[2026-08-23 12:52:08] El archivo no ha cambiado de tamaño desde la última verificación.
[2026-08-23 13:16:03] El archivo no ha cambiado de tamaño desde la última verificación.
[2026-08-23 13:51:43] El archivo no ha cambiado de tamaño desde la última verificación.
[2026-08-23 14:15:33] El archivo no ha cambiado de tamaño desde la última verificación.
[2026-08-23 14:39:52] El archivo no ha cambiado de tamaño desde la última verificación.
[2026-08-23 14:55:52] El archivo no ha cambiado de tamaño desde la última verificación.
[2026-08-23 15:24:08] El archivo no ha cambiado de tamaño desde la última verificación.
[2026-08-23 15:47:33] El archivo no ha cambiado de tamaño desde la última verificación.
[2026-08-23 16:03:24] El archivo no ha cambiado de tamaño desde la última verificación.
[2026-08-23 16:31:56] El archivo no ha cambiado de tamaño desde la última verificación.
[2026-08-23 16:52:17] El archivo no ha cambiado de tamaño desde la última verificación.
[2026-08-23 17:12:54] El archivo no ha cambiado de tamaño desde la última verificación.
[2026-08-23 17:40:28] El archivo no ha cambiado de tamaño desde la última verificación.
[2026-08-23 17:58:18] El archivo no ha cambiado de tamaño desde la última verificación.
[2026-08-23 18:28:19] El archivo no ha cambiado de tamaño desde la última verificación.
[2026-08-23 18:48:45] El archivo no ha cambiado de tamaño desde la última verificación.
[2026-08-23 19:24:47] El archivo no ha cambiado de tamaño desde la última verificación.
[2026-08-23 21:06:59] El archivo no ha cambiado de tamaño desde la última verificación.
[2026-08-23 22:14:21] El archivo no ha cambiado de tamaño desde la última verificación.
[2026-08-23 23:09:01] El archivo no ha cambiado de tamaño desde la última verificación.
[2026-08-24 00:00:05] El archivo no ha cambiado de tamaño desde la última verificación.
[2026-08-24 00:47:30] El archivo no ha cambiado de tamaño desde la última verificación.
[2026-08-24 01:26:39] El archivo no ha cambiado de tamaño desde la última verificación.
[2026-08-24 02:38:05] El archivo no ha cambiado de tamaño desde la última verificación.
[2026-08-24 03:24:58] El archivo no ha cambiado de tamaño desde la última verificación.
[2026-08-24 04:12:49] El archivo no ha cambiado de tamaño desde la última verificación.
[2026-08-24 05:06:03] El archivo no ha cambiado de tamaño desde la última verificación.
[2026-08-24 05:50:01] El archivo no ha cambiado de tamaño desde la última verificación.
[2026-08-24 06:15:15] El archivo no ha cambiado de tamaño desde la última verificación.
[2026-08-24 06:46:46] El archivo no ha cambiado de tamaño desde la última verificación.
[2026-08-24 07:17:12] El archivo no ha cambiado de tamaño desde la última verificación.
[2026-08-24 08:24:19] El archivo no ha cambiado de tamaño desde la última verificación.
[2026-08-24 09:09:33] El archivo no ha cambiado de tamaño desde la última verificación.
[2026-08-24 09:59:01] El archivo no ha cambiado de tamaño desde la última verificación.
[2026-08-24 10:48:17] El archivo no ha cambiado de tamaño desde la última verificación.
[2026-08-24 11:18:54] El archivo no ha cambiado de tamaño desde la última verificación.
[2026-08-24 12:00:10] El archivo no ha cambiado de tamaño desde la última verificación.
[2026-08-24 12:38:34] El archivo no ha cambiado de tamaño desde la última verificación.
[2026-08-24 13:03:33] El archivo no ha cambiado de tamaño desde la última verificación.
[2026-08-24 13:55:00] El archivo no ha cambiado de tamaño desde la última verificación.
[2026-08-24 14:28:16] El archivo no ha cambiado de tamaño desde la última verificación.
[2026-08-24 14:56:41] El archivo no ha cambiado de tamaño desde la última verificación.
[2026-08-24 15:34:02] El archivo no ha cambiado de tamaño desde la última verificación.
[2026-08-24 16:02:41] El archivo no ha cambiado de tamaño desde la última verificación.
[2026-08-24 16:39:03] El archivo no ha cambiado de tamaño desde la última verificación.
[2026-08-24 17:00:39] El archivo no ha cambiado de tamaño desde la última verificación.
[2026-08-24 17:36:53] El archivo no ha cambiado de tamaño desde la última verificación.
[2026-08-24 17:59:36] El archivo no ha cambiado de tamaño desde la última verificación.
[2026-08-24 18:29:07] El archivo no ha cambiado de tamaño desde la última verificación.
[2026-08-24 18:50:00] El archivo no ha cambiado de tamaño desde la última verificación.
[2026-08-24 19:25:16] El archivo no ha cambiado de tamaño desde la última verificación.
[2026-08-24 21:01:04] El archivo no ha cambiado de tamaño desde la última verificación.
[2026-08-24 22:07:59] El archivo no ha cambiado de tamaño desde la última verificación.
[2026-08-24 22:57:40] El archivo no ha cambiado de tamaño desde la última verificación.
[2026-08-24 23:45:23] El archivo no ha cambiado de tamaño desde la última verificación.
[2026-08-25 00:18:39] El archivo no ha cambiado de tamaño desde la última verificación.
[2026-08-25 00:52:35] El archivo no ha cambiado de tamaño desde la última verificación.
[2026-08-25 01:33:03] El archivo no ha cambiado de tamaño desde la última verificación.
[2026-08-25 02:27:48] El archivo no ha cambiado de tamaño desde la última verificación.
[2026-08-25 03:09:42] El archivo no ha cambiado de tamaño desde la última verificación.
[2026-08-25 03:59:35] El archivo no ha cambiado de tamaño desde la última verificación.
[2026-08-25 04:44:43] El archivo no ha cambiado de tamaño desde la última verificación.
[2026-08-25 05:14:54] El archivo no ha cambiado de tamaño desde la última verificación.
[2026-08-25 05:53:08] El archivo no ha cambiado de tamaño desde la última verificación.
[2026-08-25 06:21:03] El archivo no ha cambiado de tamaño desde la última verificación.
[2026-08-25 06:50:34] El archivo no ha cambiado de tamaño desde la última verificación.
[2026-08-25 07:20:32] El archivo no ha cambiado de tamaño desde la última verificación.
[2026-08-25 08:24:22] El archivo no ha cambiado de tamaño desde la última verificación.
[2026-08-25 09:12:16] El archivo no ha cambiado de tamaño desde la última verificación.
[2026-08-25 10:07:15] El archivo no ha cambiado de tamaño desde la última verificación.
[2026-08-25 10:57:23] El archivo no ha cambiado de tamaño desde la última verificación.
[2026-08-25 11:42:57] El archivo no ha cambiado de tamaño desde la última verificación.
[2026-08-25 12:16:38] El archivo no ha cambiado de tamaño desde la última verificación.
[2026-08-25 12:48:56] El archivo no ha cambiado de tamaño desde la última verificación.
[2026-08-25 13:18:03] El archivo no ha cambiado de tamaño desde la última verificación.
[2026-08-25 14:04:17] El archivo no ha cambiado de tamaño desde la última verificación.
[2026-08-25 14:41:34] El archivo no ha cambiado de tamaño desde la última verificación.
[2026-08-25 15:02:05] El archivo no ha cambiado de tamaño desde la última verificación.
[2026-08-25 15:39:21] El archivo no ha cambiado de tamaño desde la última verificación.
[2026-08-25 16:02:26] El archivo no ha cambiado de tamaño desde la última verificación.
[2026-08-25 16:37:58] El archivo no ha cambiado de tamaño desde la última verificación.
[2026-08-25 16:58:48] El archivo no ha cambiado de tamaño desde la última verificación.
[2026-08-25 17:35:35] El archivo no ha cambiado de tamaño desde la última verificación.
[2026-08-25 17:59:48] El archivo no ha cambiado de tamaño desde la última verificación.
[2026-08-25 18:32:13] El archivo no ha cambiado de tamaño desde la última verificación.
[2026-08-25 18:54:10] El archivo no ha cambiado de tamaño desde la última verificación.
[2026-08-25 20:05:46] El archivo no ha cambiado de tamaño desde la última verificación.
[2026-08-25 21:38:08] El archivo no ha cambiado de tamaño desde la última verificación.
[2026-08-25 22:38:15] El archivo no ha cambiado de tamaño desde la última verificación.
[2026-08-25 23:22:51] El archivo no ha cambiado de tamaño desde la última verificación.
[2026-08-26 00:02:55] El archivo no ha cambiado de tamaño desde la última verificación.
[2026-08-26 00:45:26] El archivo no ha cambiado de tamaño desde la última verificación.
[2026-08-26 01:20:49] El archivo no ha cambiado de tamaño desde la última verificación.
[2026-08-26 02:15:20] El archivo no ha cambiado de tamaño desde la última verificación.
[2026-08-26 03:03:08] El archivo no ha cambiado de tamaño desde la última verificación.
[2026-08-26 03:57:22] El archivo no ha cambiado de tamaño desde la última verificación.
[2026-08-26 04:48:57] El archivo no ha cambiado de tamaño desde la última verificación.
[2026-08-26 05:20:29] El archivo no ha cambiado de tamaño desde la última verificación.
[2026-08-26 05:56:18] El archivo no ha cambiado de tamaño desde la última verificación.
[2026-08-26 06:32:04] El archivo no ha cambiado de tamaño desde la última verificación.
[2026-08-26 06:59:24] El archivo no ha cambiado de tamaño desde la última verificación.
[2026-08-26 08:08:29] El archivo no ha cambiado de tamaño desde la última verificación.
[2026-08-26 09:02:44] El archivo no ha cambiado de tamaño desde la última verificación.
[2026-08-26 09:56:40] El archivo no ha cambiado de tamaño desde la última verificación.
[2026-08-26 11:20:46] El archivo no ha cambiado de tamaño desde la última verificación.
[2026-08-26 13:09:36] El archivo no ha cambiado de tamaño desde la última verificación.
[2026-08-26 15:02:52] El archivo no ha cambiado de tamaño desde la última verificación.
[2026-08-26 18:24:28] El archivo no ha cambiado de tamaño desde la última verificación.
[2026-08-26 23:37:14] El archivo no ha cambiado de tamaño desde la última verificación.
[2026-08-27 10:30:10] El archivo no ha cambiado de tamaño desde la última verificación.
[2026-08-27 19:34:10] El archivo no ha cambiado de tamaño desde la última verificación.
[2026-08-28 07:10:19] El archivo no ha cambiado de tamaño desde la última verificación.
[2026-08-28 17:19:55] El archivo no ha cambiado de tamaño desde la última verificación.
[2026-08-28 22:45:17] El archivo no ha cambiado de tamaño desde la última verificación.
[2026-08-29 05:27:38] El archivo no ha cambiado de tamaño desde la última verificación.
[2026-08-29 10:14:29] El archivo no ha cambiado de tamaño desde la última verificación.
[2026-08-29 13:35:42] El archivo no ha cambiado de tamaño desde la última verificación.
[2026-08-29 16:11:26] El archivo no ha cambiado de tamaño desde la última verificación.
[2026-08-29 18:21:19] El archivo no ha cambiado de tamaño desde la última verificación.
[2026-08-29 20:22:01] El archivo no ha cambiado de tamaño desde la última verificación.
[2026-08-30 01:56:42] El archivo no ha cambiado de tamaño desde la última verificación.
[2026-08-30 07:40:21] El archivo no ha cambiado de tamaño desde la última verificación.
[2026-08-30 11:58:29] El archivo no ha cambiado de tamaño desde la última verificación.
[2026-08-30 14:43:29] El archivo no ha cambiado de tamaño desde la última verificación.
[2026-08-30 17:06:34] El archivo no ha cambiado de tamaño desde la última verificación.
[2026-08-30 19:34:07] El archivo no ha cambiado de tamaño desde la última verificación.
[2026-08-31 01:04:12] El archivo no ha cambiado de tamaño desde la última verificación.
[2026-08-31 08:36:35] El archivo no ha cambiado de tamaño desde la última verificación.
[2026-08-31 14:39:38] El archivo no ha cambiado de tamaño desde la última verificación.
[2026-08-31 18:24:34] El archivo no ha cambiado de tamaño desde la última verificación.
[2026-08-31 20:57:15] El archivo no ha cambiado de tamaño desde la última verificación.
[2026-09-01 02:34:29] El archivo no ha cambiado de tamaño desde la última verificación.
[2026-09-01 07:43:34] El archivo no ha cambiado de tamaño desde la última verificación.
[2026-09-01 11:57:32] El archivo no ha cambiado de tamaño desde la última verificación.
[2026-09-01 14:48:37] El archivo no ha cambiado de tamaño desde la última verificación.
[2026-09-01 17:06:38] El archivo no ha cambiado de tamaño desde la última verificación.
[2026-09-01 19:08:10] El archivo no ha cambiado de tamaño desde la última verificación.
[2026-09-01 23:29:48] El archivo no ha cambiado de tamaño desde la última verificación.
[2026-09-02 03:58:43] El archivo no ha cambiado de tamaño desde la última verificación.
[2026-09-02 08:32:03] El archivo no ha cambiado de tamaño desde la última verificación.
[2026-09-02 12:17:31] El archivo no ha cambiado de tamaño desde la última verificación.
[2026-09-02 14:52:12] El archivo no ha cambiado de tamaño desde la última verificación.
[2026-09-02 17:10:58] El archivo no ha cambiado de tamaño desde la última verificación.
[2026-09-02 19:16:45] El archivo no ha cambiado de tamaño desde la última verificación.
[2026-09-02 23:41:06] El archivo no ha cambiado de tamaño desde la última verificación.
[2026-09-03 04:12:25] El archivo no ha cambiado de tamaño desde la última verificación.
[2026-09-03 08:36:30] El archivo no ha cambiado de tamaño desde la última verificación.
[2026-09-03 12:11:40] El archivo no ha cambiado de tamaño desde la última verificación.
[2026-09-03 14:51:13] El tamaño remoto disminuyó (7106922 bytes) en comparación con el registrado (58450480 bytes). No se descarga.
[2026-09-03 16:58:35] ¡Incremento detectado! Tamaño anterior: 7106922 bytes. Nuevo tamaño: 59601474 bytes.
[2026-09-03 16:58:35] Descargando el archivo actualizado...
[2026-09-03 16:59:25] Ejecutando script de cálculo y consolidación...
[2026-09-03 17:03:02] Error al ejecutar el script de cálculo: Traceback (most recent call last):
  File "/home/runner/work/MonitorSri-Web/MonitorSri-Web/procesador_sri.py", line 327, in <module>
    main()
  File "/home/runner/work/MonitorSri-Web/MonitorSri-Web/procesador_sri.py", line 221, in main
    df_2026 = load_and_clean_2026(args.input_dir)
  File "/home/runner/work/MonitorSri-Web/MonitorSri-Web/procesador_sri.py", line 186, in load_and_clean_2026
    return load_and_clean_generic(filepath, 2026)
  File "/home/runner/work/MonitorSri-Web/MonitorSri-Web/procesador_sri.py", line 144, in load_and_clean_generic
    raise KeyError(f"Columnas requeridas no encontradas en el archivo de {year}: {missing}. Columnas disponibles: {actual_cols}")
KeyError: "Columnas requeridas no encontradas en el archivo de 2026: ['CATEGORÍA', 'CODIGO DE VEHICULO', 'TIPO TRANSACCIÓN']. Columnas disponibles: ['CATEGORÃ\\x8dA', 'CÃ\\x93DIGO DE VEHÃ\\x8dCULO', 'TIPO TRANSACCIÃ\\x93N', 'MARCA', 'MODELO', 'PAIS', 'AÃ\\x91O MODELO', 'CLASE', 'SUB CLASE', 'TIPO', 'AVALUO', 'FECHA PROCESO (DD/MM/AAAA)', 'TIPO SERVICIO', 'CILINDRAJE', 'TIPO COMBUSTIBLE', 'FECHA COMPRA  (DD/MM/AAAA)', 'CANTÃ\\x93N', 'COLOR 1', 'COLOR 2', 'PERSONA NATURAL - JURÃ\\x8dDICA']"

[2026-09-03 17:03:02] Enviando correo de notificación de error...
[2026-09-03 17:03:04] Correo de error enviado con éxito.
[2026-09-03 17:03:04] Enviando correo de notificación...
[2026-09-03 17:03:04] Correo enviado con éxito.
[2026-09-03 18:56:37] El archivo no ha cambiado de tamaño desde la última verificación.
